data;data_inicio_mes;mes_numero;mes_nome;mes_nome_mmm;ano_yyyy;ano_yy;dia_numero;dia_nome;semestre
01/07/2022;01/07/2022;7;Julho;Jul;2022;22;1;Sexta-Feira;2
02/07/2022;01/07/2022;7;Julho;Jul;2022;22;2;Sßbado;2
03/07/2022;01/07/2022;7;Julho;Jul;2022;22;3;Domingo;2
04/07/2022;01/07/2022;7;Julho;Jul;2022;22;4;Segunda-Feira;2
05/07/2022;01/07/2022;7;Julho;Jul;2022;22;5;Terþa-Feira;2
06/07/2022;01/07/2022;7;Julho;Jul;2022;22;6;Quarta-Feira;2
07/07/2022;01/07/2022;7;Julho;Jul;2022;22;7;Quinta-Feira;2
08/07/2022;01/07/2022;7;Julho;Jul;2022;22;8;Sexta-Feira;2
09/07/2022;01/07/2022;7;Julho;Jul;2022;22;9;Sßbado;2
10/07/2022;01/07/2022;7;Julho;Jul;2022;22;10;Domingo;2
11/07/2022;01/07/2022;7;Julho;Jul;2022;22;11;Segunda-Feira;2
12/07/2022;01/07/2022;7;Julho;Jul;2022;22;12;Terþa-Feira;2
13/07/2022;01/07/2022;7;Julho;Jul;2022;22;13;Quarta-Feira;2
14/07/2022;01/07/2022;7;Julho;Jul;2022;22;14;Quinta-Feira;2
15/07/2022;01/07/2022;7;Julho;Jul;2022;22;15;Sexta-Feira;2
16/07/2022;01/07/2022;7;Julho;Jul;2022;22;16;Sßbado;2
17/07/2022;01/07/2022;7;Julho;Jul;2022;22;17;Domingo;2
18/07/2022;01/07/2022;7;Julho;Jul;2022;22;18;Segunda-Feira;2
19/07/2022;01/07/2022;7;Julho;Jul;2022;22;19;Terþa-Feira;2
20/07/2022;01/07/2022;7;Julho;Jul;2022;22;20;Quarta-Feira;2
21/07/2022;01/07/2022;7;Julho;Jul;2022;22;21;Quinta-Feira;2
22/07/2022;01/07/2022;7;Julho;Jul;2022;22;22;Sexta-Feira;2
23/07/2022;01/07/2022;7;Julho;Jul;2022;22;23;Sßbado;2
24/07/2022;01/07/2022;7;Julho;Jul;2022;22;24;Domingo;2
25/07/2022;01/07/2022;7;Julho;Jul;2022;22;25;Segunda-Feira;2
26/07/2022;01/07/2022;7;Julho;Jul;2022;22;26;Terþa-Feira;2
27/07/2022;01/07/2022;7;Julho;Jul;2022;22;27;Quarta-Feira;2
28/07/2022;01/07/2022;7;Julho;Jul;2022;22;28;Quinta-Feira;2
29/07/2022;01/07/2022;7;Julho;Jul;2022;22;29;Sexta-Feira;2
30/07/2022;01/07/2022;7;Julho;Jul;2022;22;30;Sßbado;2
31/07/2022;01/07/2022;7;Julho;Jul;2022;22;31;Domingo;2
01/07/2023;01/07/2023;7;Julho;Jul;2023;23;1;Sßbado;2
02/07/2023;01/07/2023;7;Julho;Jul;2023;23;2;Domingo;2
03/07/2023;01/07/2023;7;Julho;Jul;2023;23;3;Segunda-Feira;2
04/07/2023;01/07/2023;7;Julho;Jul;2023;23;4;Terþa-Feira;2
05/07/2023;01/07/2023;7;Julho;Jul;2023;23;5;Quarta-Feira;2
06/07/2023;01/07/2023;7;Julho;Jul;2023;23;6;Quinta-Feira;2
07/07/2023;01/07/2023;7;Julho;Jul;2023;23;7;Sexta-Feira;2
08/07/2023;01/07/2023;7;Julho;Jul;2023;23;8;Sßbado;2
09/07/2023;01/07/2023;7;Julho;Jul;2023;23;9;Domingo;2
10/07/2023;01/07/2023;7;Julho;Jul;2023;23;10;Segunda-Feira;2
11/07/2023;01/07/2023;7;Julho;Jul;2023;23;11;Terþa-Feira;2
12/07/2023;01/07/2023;7;Julho;Jul;2023;23;12;Quarta-Feira;2
13/07/2023;01/07/2023;7;Julho;Jul;2023;23;13;Quinta-Feira;2
14/07/2023;01/07/2023;7;Julho;Jul;2023;23;14;Sexta-Feira;2
15/07/2023;01/07/2023;7;Julho;Jul;2023;23;15;Sßbado;2
16/07/2023;01/07/2023;7;Julho;Jul;2023;23;16;Domingo;2
17/07/2023;01/07/2023;7;Julho;Jul;2023;23;17;Segunda-Feira;2
18/07/2023;01/07/2023;7;Julho;Jul;2023;23;18;Terþa-Feira;2
19/07/2023;01/07/2023;7;Julho;Jul;2023;23;19;Quarta-Feira;2
20/07/2023;01/07/2023;7;Julho;Jul;2023;23;20;Quinta-Feira;2
21/07/2023;01/07/2023;7;Julho;Jul;2023;23;21;Sexta-Feira;2
22/07/2023;01/07/2023;7;Julho;Jul;2023;23;22;Sßbado;2
23/07/2023;01/07/2023;7;Julho;Jul;2023;23;23;Domingo;2
24/07/2023;01/07/2023;7;Julho;Jul;2023;23;24;Segunda-Feira;2
25/07/2023;01/07/2023;7;Julho;Jul;2023;23;25;Terþa-Feira;2
26/07/2023;01/07/2023;7;Julho;Jul;2023;23;26;Quarta-Feira;2
27/07/2023;01/07/2023;7;Julho;Jul;2023;23;27;Quinta-Feira;2
28/07/2023;01/07/2023;7;Julho;Jul;2023;23;28;Sexta-Feira;2
29/07/2023;01/07/2023;7;Julho;Jul;2023;23;29;Sßbado;2
30/07/2023;01/07/2023;7;Julho;Jul;2023;23;30;Domingo;2
31/07/2023;01/07/2023;7;Julho;Jul;2023;23;31;Segunda-Feira;2
01/07/2024;01/07/2024;7;Julho;Jul;2024;24;1;Segunda-Feira;2
02/07/2024;01/07/2024;7;Julho;Jul;2024;24;2;Terþa-Feira;2
03/07/2024;01/07/2024;7;Julho;Jul;2024;24;3;Quarta-Feira;2
04/07/2024;01/07/2024;7;Julho;Jul;2024;24;4;Quinta-Feira;2
05/07/2024;01/07/2024;7;Julho;Jul;2024;24;5;Sexta-Feira;2
06/07/2024;01/07/2024;7;Julho;Jul;2024;24;6;Sßbado;2
07/07/2024;01/07/2024;7;Julho;Jul;2024;24;7;Domingo;2
08/07/2024;01/07/2024;7;Julho;Jul;2024;24;8;Segunda-Feira;2
09/07/2024;01/07/2024;7;Julho;Jul;2024;24;9;Terþa-Feira;2
10/07/2024;01/07/2024;7;Julho;Jul;2024;24;10;Quarta-Feira;2
11/07/2024;01/07/2024;7;Julho;Jul;2024;24;11;Quinta-Feira;2
12/07/2024;01/07/2024;7;Julho;Jul;2024;24;12;Sexta-Feira;2
13/07/2024;01/07/2024;7;Julho;Jul;2024;24;13;Sßbado;2
14/07/2024;01/07/2024;7;Julho;Jul;2024;24;14;Domingo;2
15/07/2024;01/07/2024;7;Julho;Jul;2024;24;15;Segunda-Feira;2
16/07/2024;01/07/2024;7;Julho;Jul;2024;24;16;Terþa-Feira;2
17/07/2024;01/07/2024;7;Julho;Jul;2024;24;17;Quarta-Feira;2
18/07/2024;01/07/2024;7;Julho;Jul;2024;24;18;Quinta-Feira;2
19/07/2024;01/07/2024;7;Julho;Jul;2024;24;19;Sexta-Feira;2
20/07/2024;01/07/2024;7;Julho;Jul;2024;24;20;Sßbado;2
21/07/2024;01/07/2024;7;Julho;Jul;2024;24;21;Domingo;2
22/07/2024;01/07/2024;7;Julho;Jul;2024;24;22;Segunda-Feira;2
23/07/2024;01/07/2024;7;Julho;Jul;2024;24;23;Terþa-Feira;2
24/07/2024;01/07/2024;7;Julho;Jul;2024;24;24;Quarta-Feira;2
25/07/2024;01/07/2024;7;Julho;Jul;2024;24;25;Quinta-Feira;2
26/07/2024;01/07/2024;7;Julho;Jul;2024;24;26;Sexta-Feira;2
27/07/2024;01/07/2024;7;Julho;Jul;2024;24;27;Sßbado;2
28/07/2024;01/07/2024;7;Julho;Jul;2024;24;28;Domingo;2
29/07/2024;01/07/2024;7;Julho;Jul;2024;24;29;Segunda-Feira;2
30/07/2024;01/07/2024;7;Julho;Jul;2024;24;30;Terþa-Feira;2
31/07/2024;01/07/2024;7;Julho;Jul;2024;24;31;Quarta-Feira;2
01/08/2022;01/08/2022;8;Agosto;Ago;2022;22;1;Segunda-Feira;2
02/08/2022;01/08/2022;8;Agosto;Ago;2022;22;2;Terþa-Feira;2
03/08/2022;01/08/2022;8;Agosto;Ago;2022;22;3;Quarta-Feira;2
04/08/2022;01/08/2022;8;Agosto;Ago;2022;22;4;Quinta-Feira;2
05/08/2022;01/08/2022;8;Agosto;Ago;2022;22;5;Sexta-Feira;2
06/08/2022;01/08/2022;8;Agosto;Ago;2022;22;6;Sßbado;2
07/08/2022;01/08/2022;8;Agosto;Ago;2022;22;7;Domingo;2
08/08/2022;01/08/2022;8;Agosto;Ago;2022;22;8;Segunda-Feira;2
09/08/2022;01/08/2022;8;Agosto;Ago;2022;22;9;Terþa-Feira;2
10/08/2022;01/08/2022;8;Agosto;Ago;2022;22;10;Quarta-Feira;2
11/08/2022;01/08/2022;8;Agosto;Ago;2022;22;11;Quinta-Feira;2
12/08/2022;01/08/2022;8;Agosto;Ago;2022;22;12;Sexta-Feira;2
13/08/2022;01/08/2022;8;Agosto;Ago;2022;22;13;Sßbado;2
14/08/2022;01/08/2022;8;Agosto;Ago;2022;22;14;Domingo;2
15/08/2022;01/08/2022;8;Agosto;Ago;2022;22;15;Segunda-Feira;2
16/08/2022;01/08/2022;8;Agosto;Ago;2022;22;16;Terþa-Feira;2
17/08/2022;01/08/2022;8;Agosto;Ago;2022;22;17;Quarta-Feira;2
18/08/2022;01/08/2022;8;Agosto;Ago;2022;22;18;Quinta-Feira;2
19/08/2022;01/08/2022;8;Agosto;Ago;2022;22;19;Sexta-Feira;2
20/08/2022;01/08/2022;8;Agosto;Ago;2022;22;20;Sßbado;2
21/08/2022;01/08/2022;8;Agosto;Ago;2022;22;21;Domingo;2
22/08/2022;01/08/2022;8;Agosto;Ago;2022;22;22;Segunda-Feira;2
23/08/2022;01/08/2022;8;Agosto;Ago;2022;22;23;Terþa-Feira;2
24/08/2022;01/08/2022;8;Agosto;Ago;2022;22;24;Quarta-Feira;2
25/08/2022;01/08/2022;8;Agosto;Ago;2022;22;25;Quinta-Feira;2
26/08/2022;01/08/2022;8;Agosto;Ago;2022;22;26;Sexta-Feira;2
27/08/2022;01/08/2022;8;Agosto;Ago;2022;22;27;Sßbado;2
28/08/2022;01/08/2022;8;Agosto;Ago;2022;22;28;Domingo;2
29/08/2022;01/08/2022;8;Agosto;Ago;2022;22;29;Segunda-Feira;2
30/08/2022;01/08/2022;8;Agosto;Ago;2022;22;30;Terþa-Feira;2
31/08/2022;01/08/2022;8;Agosto;Ago;2022;22;31;Quarta-Feira;2
01/08/2023;01/08/2023;8;Agosto;Ago;2023;23;1;Terþa-Feira;2
02/08/2023;01/08/2023;8;Agosto;Ago;2023;23;2;Quarta-Feira;2
03/08/2023;01/08/2023;8;Agosto;Ago;2023;23;3;Quinta-Feira;2
04/08/2023;01/08/2023;8;Agosto;Ago;2023;23;4;Sexta-Feira;2
05/08/2023;01/08/2023;8;Agosto;Ago;2023;23;5;Sßbado;2
06/08/2023;01/08/2023;8;Agosto;Ago;2023;23;6;Domingo;2
07/08/2023;01/08/2023;8;Agosto;Ago;2023;23;7;Segunda-Feira;2
08/08/2023;01/08/2023;8;Agosto;Ago;2023;23;8;Terþa-Feira;2
09/08/2023;01/08/2023;8;Agosto;Ago;2023;23;9;Quarta-Feira;2
10/08/2023;01/08/2023;8;Agosto;Ago;2023;23;10;Quinta-Feira;2
11/08/2023;01/08/2023;8;Agosto;Ago;2023;23;11;Sexta-Feira;2
12/08/2023;01/08/2023;8;Agosto;Ago;2023;23;12;Sßbado;2
13/08/2023;01/08/2023;8;Agosto;Ago;2023;23;13;Domingo;2
14/08/2023;01/08/2023;8;Agosto;Ago;2023;23;14;Segunda-Feira;2
15/08/2023;01/08/2023;8;Agosto;Ago;2023;23;15;Terþa-Feira;2
16/08/2023;01/08/2023;8;Agosto;Ago;2023;23;16;Quarta-Feira;2
17/08/2023;01/08/2023;8;Agosto;Ago;2023;23;17;Quinta-Feira;2
18/08/2023;01/08/2023;8;Agosto;Ago;2023;23;18;Sexta-Feira;2
19/08/2023;01/08/2023;8;Agosto;Ago;2023;23;19;Sßbado;2
20/08/2023;01/08/2023;8;Agosto;Ago;2023;23;20;Domingo;2
21/08/2023;01/08/2023;8;Agosto;Ago;2023;23;21;Segunda-Feira;2
22/08/2023;01/08/2023;8;Agosto;Ago;2023;23;22;Terþa-Feira;2
23/08/2023;01/08/2023;8;Agosto;Ago;2023;23;23;Quarta-Feira;2
24/08/2023;01/08/2023;8;Agosto;Ago;2023;23;24;Quinta-Feira;2
25/08/2023;01/08/2023;8;Agosto;Ago;2023;23;25;Sexta-Feira;2
26/08/2023;01/08/2023;8;Agosto;Ago;2023;23;26;Sßbado;2
27/08/2023;01/08/2023;8;Agosto;Ago;2023;23;27;Domingo;2
28/08/2023;01/08/2023;8;Agosto;Ago;2023;23;28;Segunda-Feira;2
29/08/2023;01/08/2023;8;Agosto;Ago;2023;23;29;Terþa-Feira;2
30/08/2023;01/08/2023;8;Agosto;Ago;2023;23;30;Quarta-Feira;2
31/08/2023;01/08/2023;8;Agosto;Ago;2023;23;31;Quinta-Feira;2
01/08/2024;01/08/2024;8;Agosto;Ago;2024;24;1;Quinta-Feira;2
02/08/2024;01/08/2024;8;Agosto;Ago;2024;24;2;Sexta-Feira;2
03/08/2024;01/08/2024;8;Agosto;Ago;2024;24;3;Sßbado;2
04/08/2024;01/08/2024;8;Agosto;Ago;2024;24;4;Domingo;2
05/08/2024;01/08/2024;8;Agosto;Ago;2024;24;5;Segunda-Feira;2
06/08/2024;01/08/2024;8;Agosto;Ago;2024;24;6;Terþa-Feira;2
07/08/2024;01/08/2024;8;Agosto;Ago;2024;24;7;Quarta-Feira;2
08/08/2024;01/08/2024;8;Agosto;Ago;2024;24;8;Quinta-Feira;2
09/08/2024;01/08/2024;8;Agosto;Ago;2024;24;9;Sexta-Feira;2
10/08/2024;01/08/2024;8;Agosto;Ago;2024;24;10;Sßbado;2
11/08/2024;01/08/2024;8;Agosto;Ago;2024;24;11;Domingo;2
12/08/2024;01/08/2024;8;Agosto;Ago;2024;24;12;Segunda-Feira;2
13/08/2024;01/08/2024;8;Agosto;Ago;2024;24;13;Terþa-Feira;2
14/08/2024;01/08/2024;8;Agosto;Ago;2024;24;14;Quarta-Feira;2
15/08/2024;01/08/2024;8;Agosto;Ago;2024;24;15;Quinta-Feira;2
16/08/2024;01/08/2024;8;Agosto;Ago;2024;24;16;Sexta-Feira;2
17/08/2024;01/08/2024;8;Agosto;Ago;2024;24;17;Sßbado;2
18/08/2024;01/08/2024;8;Agosto;Ago;2024;24;18;Domingo;2
19/08/2024;01/08/2024;8;Agosto;Ago;2024;24;19;Segunda-Feira;2
20/08/2024;01/08/2024;8;Agosto;Ago;2024;24;20;Terþa-Feira;2
21/08/2024;01/08/2024;8;Agosto;Ago;2024;24;21;Quarta-Feira;2
22/08/2024;01/08/2024;8;Agosto;Ago;2024;24;22;Quinta-Feira;2
23/08/2024;01/08/2024;8;Agosto;Ago;2024;24;23;Sexta-Feira;2
24/08/2024;01/08/2024;8;Agosto;Ago;2024;24;24;Sßbado;2
25/08/2024;01/08/2024;8;Agosto;Ago;2024;24;25;Domingo;2
26/08/2024;01/08/2024;8;Agosto;Ago;2024;24;26;Segunda-Feira;2
27/08/2024;01/08/2024;8;Agosto;Ago;2024;24;27;Terþa-Feira;2
28/08/2024;01/08/2024;8;Agosto;Ago;2024;24;28;Quarta-Feira;2
29/08/2024;01/08/2024;8;Agosto;Ago;2024;24;29;Quinta-Feira;2
30/08/2024;01/08/2024;8;Agosto;Ago;2024;24;30;Sexta-Feira;2
31/08/2024;01/08/2024;8;Agosto;Ago;2024;24;31;Sßbado;2
01/10/2022;01/10/2022;10;Outubro;Out;2022;22;1;Sßbado;2
02/10/2022;01/10/2022;10;Outubro;Out;2022;22;2;Domingo;2
03/10/2022;01/10/2022;10;Outubro;Out;2022;22;3;Segunda-Feira;2
04/10/2022;01/10/2022;10;Outubro;Out;2022;22;4;Terþa-Feira;2
05/10/2022;01/10/2022;10;Outubro;Out;2022;22;5;Quarta-Feira;2
06/10/2022;01/10/2022;10;Outubro;Out;2022;22;6;Quinta-Feira;2
07/10/2022;01/10/2022;10;Outubro;Out;2022;22;7;Sexta-Feira;2
08/10/2022;01/10/2022;10;Outubro;Out;2022;22;8;Sßbado;2
09/10/2022;01/10/2022;10;Outubro;Out;2022;22;9;Domingo;2
10/10/2022;01/10/2022;10;Outubro;Out;2022;22;10;Segunda-Feira;2
11/10/2022;01/10/2022;10;Outubro;Out;2022;22;11;Terþa-Feira;2
12/10/2022;01/10/2022;10;Outubro;Out;2022;22;12;Quarta-Feira;2
13/10/2022;01/10/2022;10;Outubro;Out;2022;22;13;Quinta-Feira;2
14/10/2022;01/10/2022;10;Outubro;Out;2022;22;14;Sexta-Feira;2
15/10/2022;01/10/2022;10;Outubro;Out;2022;22;15;Sßbado;2
16/10/2022;01/10/2022;10;Outubro;Out;2022;22;16;Domingo;2
17/10/2022;01/10/2022;10;Outubro;Out;2022;22;17;Segunda-Feira;2
18/10/2022;01/10/2022;10;Outubro;Out;2022;22;18;Terþa-Feira;2
19/10/2022;01/10/2022;10;Outubro;Out;2022;22;19;Quarta-Feira;2
20/10/2022;01/10/2022;10;Outubro;Out;2022;22;20;Quinta-Feira;2
21/10/2022;01/10/2022;10;Outubro;Out;2022;22;21;Sexta-Feira;2
22/10/2022;01/10/2022;10;Outubro;Out;2022;22;22;Sßbado;2
23/10/2022;01/10/2022;10;Outubro;Out;2022;22;23;Domingo;2
24/10/2022;01/10/2022;10;Outubro;Out;2022;22;24;Segunda-Feira;2
25/10/2022;01/10/2022;10;Outubro;Out;2022;22;25;Terþa-Feira;2
26/10/2022;01/10/2022;10;Outubro;Out;2022;22;26;Quarta-Feira;2
27/10/2022;01/10/2022;10;Outubro;Out;2022;22;27;Quinta-Feira;2
28/10/2022;01/10/2022;10;Outubro;Out;2022;22;28;Sexta-Feira;2
29/10/2022;01/10/2022;10;Outubro;Out;2022;22;29;Sßbado;2
30/10/2022;01/10/2022;10;Outubro;Out;2022;22;30;Domingo;2
31/10/2022;01/10/2022;10;Outubro;Out;2022;22;31;Segunda-Feira;2
01/10/2023;01/10/2023;10;Outubro;Out;2023;23;1;Domingo;2
02/10/2023;01/10/2023;10;Outubro;Out;2023;23;2;Segunda-Feira;2
03/10/2023;01/10/2023;10;Outubro;Out;2023;23;3;Terþa-Feira;2
04/10/2023;01/10/2023;10;Outubro;Out;2023;23;4;Quarta-Feira;2
05/10/2023;01/10/2023;10;Outubro;Out;2023;23;5;Quinta-Feira;2
06/10/2023;01/10/2023;10;Outubro;Out;2023;23;6;Sexta-Feira;2
07/10/2023;01/10/2023;10;Outubro;Out;2023;23;7;Sßbado;2
08/10/2023;01/10/2023;10;Outubro;Out;2023;23;8;Domingo;2
09/10/2023;01/10/2023;10;Outubro;Out;2023;23;9;Segunda-Feira;2
10/10/2023;01/10/2023;10;Outubro;Out;2023;23;10;Terþa-Feira;2
11/10/2023;01/10/2023;10;Outubro;Out;2023;23;11;Quarta-Feira;2
12/10/2023;01/10/2023;10;Outubro;Out;2023;23;12;Quinta-Feira;2
13/10/2023;01/10/2023;10;Outubro;Out;2023;23;13;Sexta-Feira;2
14/10/2023;01/10/2023;10;Outubro;Out;2023;23;14;Sßbado;2
15/10/2023;01/10/2023;10;Outubro;Out;2023;23;15;Domingo;2
16/10/2023;01/10/2023;10;Outubro;Out;2023;23;16;Segunda-Feira;2
17/10/2023;01/10/2023;10;Outubro;Out;2023;23;17;Terþa-Feira;2
18/10/2023;01/10/2023;10;Outubro;Out;2023;23;18;Quarta-Feira;2
19/10/2023;01/10/2023;10;Outubro;Out;2023;23;19;Quinta-Feira;2
20/10/2023;01/10/2023;10;Outubro;Out;2023;23;20;Sexta-Feira;2
21/10/2023;01/10/2023;10;Outubro;Out;2023;23;21;Sßbado;2
22/10/2023;01/10/2023;10;Outubro;Out;2023;23;22;Domingo;2
23/10/2023;01/10/2023;10;Outubro;Out;2023;23;23;Segunda-Feira;2
24/10/2023;01/10/2023;10;Outubro;Out;2023;23;24;Terþa-Feira;2
25/10/2023;01/10/2023;10;Outubro;Out;2023;23;25;Quarta-Feira;2
26/10/2023;01/10/2023;10;Outubro;Out;2023;23;26;Quinta-Feira;2
27/10/2023;01/10/2023;10;Outubro;Out;2023;23;27;Sexta-Feira;2
28/10/2023;01/10/2023;10;Outubro;Out;2023;23;28;Sßbado;2
29/10/2023;01/10/2023;10;Outubro;Out;2023;23;29;Domingo;2
30/10/2023;01/10/2023;10;Outubro;Out;2023;23;30;Segunda-Feira;2
31/10/2023;01/10/2023;10;Outubro;Out;2023;23;31;Terþa-Feira;2
01/10/2024;01/10/2024;10;Outubro;Out;2024;24;1;Terþa-Feira;2
02/10/2024;01/10/2024;10;Outubro;Out;2024;24;2;Quarta-Feira;2
03/10/2024;01/10/2024;10;Outubro;Out;2024;24;3;Quinta-Feira;2
04/10/2024;01/10/2024;10;Outubro;Out;2024;24;4;Sexta-Feira;2
05/10/2024;01/10/2024;10;Outubro;Out;2024;24;5;Sßbado;2
06/10/2024;01/10/2024;10;Outubro;Out;2024;24;6;Domingo;2
07/10/2024;01/10/2024;10;Outubro;Out;2024;24;7;Segunda-Feira;2
08/10/2024;01/10/2024;10;Outubro;Out;2024;24;8;Terþa-Feira;2
09/10/2024;01/10/2024;10;Outubro;Out;2024;24;9;Quarta-Feira;2
10/10/2024;01/10/2024;10;Outubro;Out;2024;24;10;Quinta-Feira;2
11/10/2024;01/10/2024;10;Outubro;Out;2024;24;11;Sexta-Feira;2
12/10/2024;01/10/2024;10;Outubro;Out;2024;24;12;Sßbado;2
13/10/2024;01/10/2024;10;Outubro;Out;2024;24;13;Domingo;2
14/10/2024;01/10/2024;10;Outubro;Out;2024;24;14;Segunda-Feira;2
15/10/2024;01/10/2024;10;Outubro;Out;2024;24;15;Terþa-Feira;2
16/10/2024;01/10/2024;10;Outubro;Out;2024;24;16;Quarta-Feira;2
17/10/2024;01/10/2024;10;Outubro;Out;2024;24;17;Quinta-Feira;2
18/10/2024;01/10/2024;10;Outubro;Out;2024;24;18;Sexta-Feira;2
19/10/2024;01/10/2024;10;Outubro;Out;2024;24;19;Sßbado;2
20/10/2024;01/10/2024;10;Outubro;Out;2024;24;20;Domingo;2
21/10/2024;01/10/2024;10;Outubro;Out;2024;24;21;Segunda-Feira;2
22/10/2024;01/10/2024;10;Outubro;Out;2024;24;22;Terþa-Feira;2
23/10/2024;01/10/2024;10;Outubro;Out;2024;24;23;Quarta-Feira;2
24/10/2024;01/10/2024;10;Outubro;Out;2024;24;24;Quinta-Feira;2
25/10/2024;01/10/2024;10;Outubro;Out;2024;24;25;Sexta-Feira;2
26/10/2024;01/10/2024;10;Outubro;Out;2024;24;26;Sßbado;2
27/10/2024;01/10/2024;10;Outubro;Out;2024;24;27;Domingo;2
28/10/2024;01/10/2024;10;Outubro;Out;2024;24;28;Segunda-Feira;2
29/10/2024;01/10/2024;10;Outubro;Out;2024;24;29;Terþa-Feira;2
30/10/2024;01/10/2024;10;Outubro;Out;2024;24;30;Quarta-Feira;2
31/10/2024;01/10/2024;10;Outubro;Out;2024;24;31;Quinta-Feira;2
01/12/2022;01/12/2022;12;Dezembro;Dez;2022;22;1;Quinta-Feira;2
02/12/2022;01/12/2022;12;Dezembro;Dez;2022;22;2;Sexta-Feira;2
03/12/2022;01/12/2022;12;Dezembro;Dez;2022;22;3;Sßbado;2
04/12/2022;01/12/2022;12;Dezembro;Dez;2022;22;4;Domingo;2
05/12/2022;01/12/2022;12;Dezembro;Dez;2022;22;5;Segunda-Feira;2
06/12/2022;01/12/2022;12;Dezembro;Dez;2022;22;6;Terþa-Feira;2
07/12/2022;01/12/2022;12;Dezembro;Dez;2022;22;7;Quarta-Feira;2
08/12/2022;01/12/2022;12;Dezembro;Dez;2022;22;8;Quinta-Feira;2
09/12/2022;01/12/2022;12;Dezembro;Dez;2022;22;9;Sexta-Feira;2
10/12/2022;01/12/2022;12;Dezembro;Dez;2022;22;10;Sßbado;2
11/12/2022;01/12/2022;12;Dezembro;Dez;2022;22;11;Domingo;2
12/12/2022;01/12/2022;12;Dezembro;Dez;2022;22;12;Segunda-Feira;2
13/12/2022;01/12/2022;12;Dezembro;Dez;2022;22;13;Terþa-Feira;2
14/12/2022;01/12/2022;12;Dezembro;Dez;2022;22;14;Quarta-Feira;2
15/12/2022;01/12/2022;12;Dezembro;Dez;2022;22;15;Quinta-Feira;2
16/12/2022;01/12/2022;12;Dezembro;Dez;2022;22;16;Sexta-Feira;2
17/12/2022;01/12/2022;12;Dezembro;Dez;2022;22;17;Sßbado;2
18/12/2022;01/12/2022;12;Dezembro;Dez;2022;22;18;Domingo;2
19/12/2022;01/12/2022;12;Dezembro;Dez;2022;22;19;Segunda-Feira;2
20/12/2022;01/12/2022;12;Dezembro;Dez;2022;22;20;Terþa-Feira;2
21/12/2022;01/12/2022;12;Dezembro;Dez;2022;22;21;Quarta-Feira;2
22/12/2022;01/12/2022;12;Dezembro;Dez;2022;22;22;Quinta-Feira;2
23/12/2022;01/12/2022;12;Dezembro;Dez;2022;22;23;Sexta-Feira;2
24/12/2022;01/12/2022;12;Dezembro;Dez;2022;22;24;Sßbado;2
25/12/2022;01/12/2022;12;Dezembro;Dez;2022;22;25;Domingo;2
26/12/2022;01/12/2022;12;Dezembro;Dez;2022;22;26;Segunda-Feira;2
27/12/2022;01/12/2022;12;Dezembro;Dez;2022;22;27;Terþa-Feira;2
28/12/2022;01/12/2022;12;Dezembro;Dez;2022;22;28;Quarta-Feira;2
29/12/2022;01/12/2022;12;Dezembro;Dez;2022;22;29;Quinta-Feira;2
30/12/2022;01/12/2022;12;Dezembro;Dez;2022;22;30;Sexta-Feira;2
31/12/2022;01/12/2022;12;Dezembro;Dez;2022;22;31;Sßbado;2
01/12/2023;01/12/2023;12;Dezembro;Dez;2023;23;1;Sexta-Feira;2
02/12/2023;01/12/2023;12;Dezembro;Dez;2023;23;2;Sßbado;2
03/12/2023;01/12/2023;12;Dezembro;Dez;2023;23;3;Domingo;2
04/12/2023;01/12/2023;12;Dezembro;Dez;2023;23;4;Segunda-Feira;2
05/12/2023;01/12/2023;12;Dezembro;Dez;2023;23;5;Terþa-Feira;2
06/12/2023;01/12/2023;12;Dezembro;Dez;2023;23;6;Quarta-Feira;2
07/12/2023;01/12/2023;12;Dezembro;Dez;2023;23;7;Quinta-Feira;2
08/12/2023;01/12/2023;12;Dezembro;Dez;2023;23;8;Sexta-Feira;2
09/12/2023;01/12/2023;12;Dezembro;Dez;2023;23;9;Sßbado;2
10/12/2023;01/12/2023;12;Dezembro;Dez;2023;23;10;Domingo;2
11/12/2023;01/12/2023;12;Dezembro;Dez;2023;23;11;Segunda-Feira;2
12/12/2023;01/12/2023;12;Dezembro;Dez;2023;23;12;Terþa-Feira;2
13/12/2023;01/12/2023;12;Dezembro;Dez;2023;23;13;Quarta-Feira;2
14/12/2023;01/12/2023;12;Dezembro;Dez;2023;23;14;Quinta-Feira;2
15/12/2023;01/12/2023;12;Dezembro;Dez;2023;23;15;Sexta-Feira;2
16/12/2023;01/12/2023;12;Dezembro;Dez;2023;23;16;Sßbado;2
17/12/2023;01/12/2023;12;Dezembro;Dez;2023;23;17;Domingo;2
18/12/2023;01/12/2023;12;Dezembro;Dez;2023;23;18;Segunda-Feira;2
19/12/2023;01/12/2023;12;Dezembro;Dez;2023;23;19;Terþa-Feira;2
20/12/2023;01/12/2023;12;Dezembro;Dez;2023;23;20;Quarta-Feira;2
21/12/2023;01/12/2023;12;Dezembro;Dez;2023;23;21;Quinta-Feira;2
22/12/2023;01/12/2023;12;Dezembro;Dez;2023;23;22;Sexta-Feira;2
23/12/2023;01/12/2023;12;Dezembro;Dez;2023;23;23;Sßbado;2
24/12/2023;01/12/2023;12;Dezembro;Dez;2023;23;24;Domingo;2
25/12/2023;01/12/2023;12;Dezembro;Dez;2023;23;25;Segunda-Feira;2
26/12/2023;01/12/2023;12;Dezembro;Dez;2023;23;26;Terþa-Feira;2
27/12/2023;01/12/2023;12;Dezembro;Dez;2023;23;27;Quarta-Feira;2
28/12/2023;01/12/2023;12;Dezembro;Dez;2023;23;28;Quinta-Feira;2
29/12/2023;01/12/2023;12;Dezembro;Dez;2023;23;29;Sexta-Feira;2
30/12/2023;01/12/2023;12;Dezembro;Dez;2023;23;30;Sßbado;2
31/12/2023;01/12/2023;12;Dezembro;Dez;2023;23;31;Domingo;2
01/12/2024;01/12/2024;12;Dezembro;Dez;2024;24;1;Domingo;2
02/12/2024;01/12/2024;12;Dezembro;Dez;2024;24;2;Segunda-Feira;2
03/12/2024;01/12/2024;12;Dezembro;Dez;2024;24;3;Terþa-Feira;2
04/12/2024;01/12/2024;12;Dezembro;Dez;2024;24;4;Quarta-Feira;2
05/12/2024;01/12/2024;12;Dezembro;Dez;2024;24;5;Quinta-Feira;2
06/12/2024;01/12/2024;12;Dezembro;Dez;2024;24;6;Sexta-Feira;2
07/12/2024;01/12/2024;12;Dezembro;Dez;2024;24;7;Sßbado;2
08/12/2024;01/12/2024;12;Dezembro;Dez;2024;24;8;Domingo;2
09/12/2024;01/12/2024;12;Dezembro;Dez;2024;24;9;Segunda-Feira;2
10/12/2024;01/12/2024;12;Dezembro;Dez;2024;24;10;Terþa-Feira;2
11/12/2024;01/12/2024;12;Dezembro;Dez;2024;24;11;Quarta-Feira;2
12/12/2024;01/12/2024;12;Dezembro;Dez;2024;24;12;Quinta-Feira;2
13/12/2024;01/12/2024;12;Dezembro;Dez;2024;24;13;Sexta-Feira;2
14/12/2024;01/12/2024;12;Dezembro;Dez;2024;24;14;Sßbado;2
15/12/2024;01/12/2024;12;Dezembro;Dez;2024;24;15;Domingo;2
16/12/2024;01/12/2024;12;Dezembro;Dez;2024;24;16;Segunda-Feira;2
17/12/2024;01/12/2024;12;Dezembro;Dez;2024;24;17;Terþa-Feira;2
18/12/2024;01/12/2024;12;Dezembro;Dez;2024;24;18;Quarta-Feira;2
19/12/2024;01/12/2024;12;Dezembro;Dez;2024;24;19;Quinta-Feira;2
20/12/2024;01/12/2024;12;Dezembro;Dez;2024;24;20;Sexta-Feira;2
21/12/2024;01/12/2024;12;Dezembro;Dez;2024;24;21;Sßbado;2
22/12/2024;01/12/2024;12;Dezembro;Dez;2024;24;22;Domingo;2
23/12/2024;01/12/2024;12;Dezembro;Dez;2024;24;23;Segunda-Feira;2
24/12/2024;01/12/2024;12;Dezembro;Dez;2024;24;24;Terþa-Feira;2
25/12/2024;01/12/2024;12;Dezembro;Dez;2024;24;25;Quarta-Feira;2
26/12/2024;01/12/2024;12;Dezembro;Dez;2024;24;26;Quinta-Feira;2
27/12/2024;01/12/2024;12;Dezembro;Dez;2024;24;27;Sexta-Feira;2
28/12/2024;01/12/2024;12;Dezembro;Dez;2024;24;28;Sßbado;2
29/12/2024;01/12/2024;12;Dezembro;Dez;2024;24;29;Domingo;2
30/12/2024;01/12/2024;12;Dezembro;Dez;2024;24;30;Segunda-Feira;2
31/12/2024;01/12/2024;12;Dezembro;Dez;2024;24;31;Terþa-Feira;2
01/09/2022;01/09/2022;9;Setembro;Set;2022;22;1;Quinta-Feira;2
02/09/2022;01/09/2022;9;Setembro;Set;2022;22;2;Sexta-Feira;2
03/09/2022;01/09/2022;9;Setembro;Set;2022;22;3;Sßbado;2
04/09/2022;01/09/2022;9;Setembro;Set;2022;22;4;Domingo;2
05/09/2022;01/09/2022;9;Setembro;Set;2022;22;5;Segunda-Feira;2
06/09/2022;01/09/2022;9;Setembro;Set;2022;22;6;Terþa-Feira;2
07/09/2022;01/09/2022;9;Setembro;Set;2022;22;7;Quarta-Feira;2
08/09/2022;01/09/2022;9;Setembro;Set;2022;22;8;Quinta-Feira;2
09/09/2022;01/09/2022;9;Setembro;Set;2022;22;9;Sexta-Feira;2
10/09/2022;01/09/2022;9;Setembro;Set;2022;22;10;Sßbado;2
11/09/2022;01/09/2022;9;Setembro;Set;2022;22;11;Domingo;2
12/09/2022;01/09/2022;9;Setembro;Set;2022;22;12;Segunda-Feira;2
13/09/2022;01/09/2022;9;Setembro;Set;2022;22;13;Terþa-Feira;2
14/09/2022;01/09/2022;9;Setembro;Set;2022;22;14;Quarta-Feira;2
15/09/2022;01/09/2022;9;Setembro;Set;2022;22;15;Quinta-Feira;2
16/09/2022;01/09/2022;9;Setembro;Set;2022;22;16;Sexta-Feira;2
17/09/2022;01/09/2022;9;Setembro;Set;2022;22;17;Sßbado;2
18/09/2022;01/09/2022;9;Setembro;Set;2022;22;18;Domingo;2
19/09/2022;01/09/2022;9;Setembro;Set;2022;22;19;Segunda-Feira;2
20/09/2022;01/09/2022;9;Setembro;Set;2022;22;20;Terþa-Feira;2
21/09/2022;01/09/2022;9;Setembro;Set;2022;22;21;Quarta-Feira;2
22/09/2022;01/09/2022;9;Setembro;Set;2022;22;22;Quinta-Feira;2
23/09/2022;01/09/2022;9;Setembro;Set;2022;22;23;Sexta-Feira;2
24/09/2022;01/09/2022;9;Setembro;Set;2022;22;24;Sßbado;2
25/09/2022;01/09/2022;9;Setembro;Set;2022;22;25;Domingo;2
26/09/2022;01/09/2022;9;Setembro;Set;2022;22;26;Segunda-Feira;2
27/09/2022;01/09/2022;9;Setembro;Set;2022;22;27;Terþa-Feira;2
28/09/2022;01/09/2022;9;Setembro;Set;2022;22;28;Quarta-Feira;2
29/09/2022;01/09/2022;9;Setembro;Set;2022;22;29;Quinta-Feira;2
30/09/2022;01/09/2022;9;Setembro;Set;2022;22;30;Sexta-Feira;2
01/09/2023;01/09/2023;9;Setembro;Set;2023;23;1;Sexta-Feira;2
02/09/2023;01/09/2023;9;Setembro;Set;2023;23;2;Sßbado;2
03/09/2023;01/09/2023;9;Setembro;Set;2023;23;3;Domingo;2
04/09/2023;01/09/2023;9;Setembro;Set;2023;23;4;Segunda-Feira;2
05/09/2023;01/09/2023;9;Setembro;Set;2023;23;5;Terþa-Feira;2
06/09/2023;01/09/2023;9;Setembro;Set;2023;23;6;Quarta-Feira;2
07/09/2023;01/09/2023;9;Setembro;Set;2023;23;7;Quinta-Feira;2
08/09/2023;01/09/2023;9;Setembro;Set;2023;23;8;Sexta-Feira;2
09/09/2023;01/09/2023;9;Setembro;Set;2023;23;9;Sßbado;2
10/09/2023;01/09/2023;9;Setembro;Set;2023;23;10;Domingo;2
11/09/2023;01/09/2023;9;Setembro;Set;2023;23;11;Segunda-Feira;2
12/09/2023;01/09/2023;9;Setembro;Set;2023;23;12;Terþa-Feira;2
13/09/2023;01/09/2023;9;Setembro;Set;2023;23;13;Quarta-Feira;2
14/09/2023;01/09/2023;9;Setembro;Set;2023;23;14;Quinta-Feira;2
15/09/2023;01/09/2023;9;Setembro;Set;2023;23;15;Sexta-Feira;2
16/09/2023;01/09/2023;9;Setembro;Set;2023;23;16;Sßbado;2
17/09/2023;01/09/2023;9;Setembro;Set;2023;23;17;Domingo;2
18/09/2023;01/09/2023;9;Setembro;Set;2023;23;18;Segunda-Feira;2
19/09/2023;01/09/2023;9;Setembro;Set;2023;23;19;Terþa-Feira;2
20/09/2023;01/09/2023;9;Setembro;Set;2023;23;20;Quarta-Feira;2
21/09/2023;01/09/2023;9;Setembro;Set;2023;23;21;Quinta-Feira;2
22/09/2023;01/09/2023;9;Setembro;Set;2023;23;22;Sexta-Feira;2
23/09/2023;01/09/2023;9;Setembro;Set;2023;23;23;Sßbado;2
24/09/2023;01/09/2023;9;Setembro;Set;2023;23;24;Domingo;2
25/09/2023;01/09/2023;9;Setembro;Set;2023;23;25;Segunda-Feira;2
26/09/2023;01/09/2023;9;Setembro;Set;2023;23;26;Terþa-Feira;2
27/09/2023;01/09/2023;9;Setembro;Set;2023;23;27;Quarta-Feira;2
28/09/2023;01/09/2023;9;Setembro;Set;2023;23;28;Quinta-Feira;2
29/09/2023;01/09/2023;9;Setembro;Set;2023;23;29;Sexta-Feira;2
30/09/2023;01/09/2023;9;Setembro;Set;2023;23;30;Sßbado;2
01/09/2024;01/09/2024;9;Setembro;Set;2024;24;1;Domingo;2
02/09/2024;01/09/2024;9;Setembro;Set;2024;24;2;Segunda-Feira;2
03/09/2024;01/09/2024;9;Setembro;Set;2024;24;3;Terþa-Feira;2
04/09/2024;01/09/2024;9;Setembro;Set;2024;24;4;Quarta-Feira;2
05/09/2024;01/09/2024;9;Setembro;Set;2024;24;5;Quinta-Feira;2
06/09/2024;01/09/2024;9;Setembro;Set;2024;24;6;Sexta-Feira;2
07/09/2024;01/09/2024;9;Setembro;Set;2024;24;7;Sßbado;2
08/09/2024;01/09/2024;9;Setembro;Set;2024;24;8;Domingo;2
09/09/2024;01/09/2024;9;Setembro;Set;2024;24;9;Segunda-Feira;2
10/09/2024;01/09/2024;9;Setembro;Set;2024;24;10;Terþa-Feira;2
11/09/2024;01/09/2024;9;Setembro;Set;2024;24;11;Quarta-Feira;2
12/09/2024;01/09/2024;9;Setembro;Set;2024;24;12;Quinta-Feira;2
13/09/2024;01/09/2024;9;Setembro;Set;2024;24;13;Sexta-Feira;2
14/09/2024;01/09/2024;9;Setembro;Set;2024;24;14;Sßbado;2
15/09/2024;01/09/2024;9;Setembro;Set;2024;24;15;Domingo;2
16/09/2024;01/09/2024;9;Setembro;Set;2024;24;16;Segunda-Feira;2
17/09/2024;01/09/2024;9;Setembro;Set;2024;24;17;Terþa-Feira;2
18/09/2024;01/09/2024;9;Setembro;Set;2024;24;18;Quarta-Feira;2
19/09/2024;01/09/2024;9;Setembro;Set;2024;24;19;Quinta-Feira;2
20/09/2024;01/09/2024;9;Setembro;Set;2024;24;20;Sexta-Feira;2
21/09/2024;01/09/2024;9;Setembro;Set;2024;24;21;Sßbado;2
22/09/2024;01/09/2024;9;Setembro;Set;2024;24;22;Domingo;2
23/09/2024;01/09/2024;9;Setembro;Set;2024;24;23;Segunda-Feira;2
24/09/2024;01/09/2024;9;Setembro;Set;2024;24;24;Terþa-Feira;2
25/09/2024;01/09/2024;9;Setembro;Set;2024;24;25;Quarta-Feira;2
26/09/2024;01/09/2024;9;Setembro;Set;2024;24;26;Quinta-Feira;2
27/09/2024;01/09/2024;9;Setembro;Set;2024;24;27;Sexta-Feira;2
28/09/2024;01/09/2024;9;Setembro;Set;2024;24;28;Sßbado;2
29/09/2024;01/09/2024;9;Setembro;Set;2024;24;29;Domingo;2
30/09/2024;01/09/2024;9;Setembro;Set;2024;24;30;Segunda-Feira;2
01/11/2022;01/11/2022;11;Novembro;Nov;2022;22;1;Terþa-Feira;2
02/11/2022;01/11/2022;11;Novembro;Nov;2022;22;2;Quarta-Feira;2
03/11/2022;01/11/2022;11;Novembro;Nov;2022;22;3;Quinta-Feira;2
04/11/2022;01/11/2022;11;Novembro;Nov;2022;22;4;Sexta-Feira;2
05/11/2022;01/11/2022;11;Novembro;Nov;2022;22;5;Sßbado;2
06/11/2022;01/11/2022;11;Novembro;Nov;2022;22;6;Domingo;2
07/11/2022;01/11/2022;11;Novembro;Nov;2022;22;7;Segunda-Feira;2
08/11/2022;01/11/2022;11;Novembro;Nov;2022;22;8;Terþa-Feira;2
09/11/2022;01/11/2022;11;Novembro;Nov;2022;22;9;Quarta-Feira;2
10/11/2022;01/11/2022;11;Novembro;Nov;2022;22;10;Quinta-Feira;2
11/11/2022;01/11/2022;11;Novembro;Nov;2022;22;11;Sexta-Feira;2
12/11/2022;01/11/2022;11;Novembro;Nov;2022;22;12;Sßbado;2
13/11/2022;01/11/2022;11;Novembro;Nov;2022;22;13;Domingo;2
14/11/2022;01/11/2022;11;Novembro;Nov;2022;22;14;Segunda-Feira;2
15/11/2022;01/11/2022;11;Novembro;Nov;2022;22;15;Terþa-Feira;2
16/11/2022;01/11/2022;11;Novembro;Nov;2022;22;16;Quarta-Feira;2
17/11/2022;01/11/2022;11;Novembro;Nov;2022;22;17;Quinta-Feira;2
18/11/2022;01/11/2022;11;Novembro;Nov;2022;22;18;Sexta-Feira;2
19/11/2022;01/11/2022;11;Novembro;Nov;2022;22;19;Sßbado;2
20/11/2022;01/11/2022;11;Novembro;Nov;2022;22;20;Domingo;2
21/11/2022;01/11/2022;11;Novembro;Nov;2022;22;21;Segunda-Feira;2
22/11/2022;01/11/2022;11;Novembro;Nov;2022;22;22;Terþa-Feira;2
23/11/2022;01/11/2022;11;Novembro;Nov;2022;22;23;Quarta-Feira;2
24/11/2022;01/11/2022;11;Novembro;Nov;2022;22;24;Quinta-Feira;2
25/11/2022;01/11/2022;11;Novembro;Nov;2022;22;25;Sexta-Feira;2
26/11/2022;01/11/2022;11;Novembro;Nov;2022;22;26;Sßbado;2
27/11/2022;01/11/2022;11;Novembro;Nov;2022;22;27;Domingo;2
28/11/2022;01/11/2022;11;Novembro;Nov;2022;22;28;Segunda-Feira;2
29/11/2022;01/11/2022;11;Novembro;Nov;2022;22;29;Terþa-Feira;2
30/11/2022;01/11/2022;11;Novembro;Nov;2022;22;30;Quarta-Feira;2
01/11/2023;01/11/2023;11;Novembro;Nov;2023;23;1;Quarta-Feira;2
02/11/2023;01/11/2023;11;Novembro;Nov;2023;23;2;Quinta-Feira;2
03/11/2023;01/11/2023;11;Novembro;Nov;2023;23;3;Sexta-Feira;2
04/11/2023;01/11/2023;11;Novembro;Nov;2023;23;4;Sßbado;2
05/11/2023;01/11/2023;11;Novembro;Nov;2023;23;5;Domingo;2
06/11/2023;01/11/2023;11;Novembro;Nov;2023;23;6;Segunda-Feira;2
07/11/2023;01/11/2023;11;Novembro;Nov;2023;23;7;Terþa-Feira;2
08/11/2023;01/11/2023;11;Novembro;Nov;2023;23;8;Quarta-Feira;2
09/11/2023;01/11/2023;11;Novembro;Nov;2023;23;9;Quinta-Feira;2
10/11/2023;01/11/2023;11;Novembro;Nov;2023;23;10;Sexta-Feira;2
11/11/2023;01/11/2023;11;Novembro;Nov;2023;23;11;Sßbado;2
12/11/2023;01/11/2023;11;Novembro;Nov;2023;23;12;Domingo;2
13/11/2023;01/11/2023;11;Novembro;Nov;2023;23;13;Segunda-Feira;2
14/11/2023;01/11/2023;11;Novembro;Nov;2023;23;14;Terþa-Feira;2
15/11/2023;01/11/2023;11;Novembro;Nov;2023;23;15;Quarta-Feira;2
16/11/2023;01/11/2023;11;Novembro;Nov;2023;23;16;Quinta-Feira;2
17/11/2023;01/11/2023;11;Novembro;Nov;2023;23;17;Sexta-Feira;2
18/11/2023;01/11/2023;11;Novembro;Nov;2023;23;18;Sßbado;2
19/11/2023;01/11/2023;11;Novembro;Nov;2023;23;19;Domingo;2
20/11/2023;01/11/2023;11;Novembro;Nov;2023;23;20;Segunda-Feira;2
21/11/2023;01/11/2023;11;Novembro;Nov;2023;23;21;Terþa-Feira;2
22/11/2023;01/11/2023;11;Novembro;Nov;2023;23;22;Quarta-Feira;2
23/11/2023;01/11/2023;11;Novembro;Nov;2023;23;23;Quinta-Feira;2
24/11/2023;01/11/2023;11;Novembro;Nov;2023;23;24;Sexta-Feira;2
25/11/2023;01/11/2023;11;Novembro;Nov;2023;23;25;Sßbado;2
26/11/2023;01/11/2023;11;Novembro;Nov;2023;23;26;Domingo;2
27/11/2023;01/11/2023;11;Novembro;Nov;2023;23;27;Segunda-Feira;2
28/11/2023;01/11/2023;11;Novembro;Nov;2023;23;28;Terþa-Feira;2
29/11/2023;01/11/2023;11;Novembro;Nov;2023;23;29;Quarta-Feira;2
30/11/2023;01/11/2023;11;Novembro;Nov;2023;23;30;Quinta-Feira;2
01/11/2024;01/11/2024;11;Novembro;Nov;2024;24;1;Sexta-Feira;2
02/11/2024;01/11/2024;11;Novembro;Nov;2024;24;2;Sßbado;2
03/11/2024;01/11/2024;11;Novembro;Nov;2024;24;3;Domingo;2
04/11/2024;01/11/2024;11;Novembro;Nov;2024;24;4;Segunda-Feira;2
05/11/2024;01/11/2024;11;Novembro;Nov;2024;24;5;Terþa-Feira;2
06/11/2024;01/11/2024;11;Novembro;Nov;2024;24;6;Quarta-Feira;2
07/11/2024;01/11/2024;11;Novembro;Nov;2024;24;7;Quinta-Feira;2
08/11/2024;01/11/2024;11;Novembro;Nov;2024;24;8;Sexta-Feira;2
09/11/2024;01/11/2024;11;Novembro;Nov;2024;24;9;Sßbado;2
10/11/2024;01/11/2024;11;Novembro;Nov;2024;24;10;Domingo;2
11/11/2024;01/11/2024;11;Novembro;Nov;2024;24;11;Segunda-Feira;2
12/11/2024;01/11/2024;11;Novembro;Nov;2024;24;12;Terþa-Feira;2
13/11/2024;01/11/2024;11;Novembro;Nov;2024;24;13;Quarta-Feira;2
14/11/2024;01/11/2024;11;Novembro;Nov;2024;24;14;Quinta-Feira;2
15/11/2024;01/11/2024;11;Novembro;Nov;2024;24;15;Sexta-Feira;2
16/11/2024;01/11/2024;11;Novembro;Nov;2024;24;16;Sßbado;2
17/11/2024;01/11/2024;11;Novembro;Nov;2024;24;17;Domingo;2
18/11/2024;01/11/2024;11;Novembro;Nov;2024;24;18;Segunda-Feira;2
19/11/2024;01/11/2024;11;Novembro;Nov;2024;24;19;Terþa-Feira;2
20/11/2024;01/11/2024;11;Novembro;Nov;2024;24;20;Quarta-Feira;2
21/11/2024;01/11/2024;11;Novembro;Nov;2024;24;21;Quinta-Feira;2
22/11/2024;01/11/2024;11;Novembro;Nov;2024;24;22;Sexta-Feira;2
23/11/2024;01/11/2024;11;Novembro;Nov;2024;24;23;Sßbado;2
24/11/2024;01/11/2024;11;Novembro;Nov;2024;24;24;Domingo;2
25/11/2024;01/11/2024;11;Novembro;Nov;2024;24;25;Segunda-Feira;2
26/11/2024;01/11/2024;11;Novembro;Nov;2024;24;26;Terþa-Feira;2
27/11/2024;01/11/2024;11;Novembro;Nov;2024;24;27;Quarta-Feira;2
28/11/2024;01/11/2024;11;Novembro;Nov;2024;24;28;Quinta-Feira;2
29/11/2024;01/11/2024;11;Novembro;Nov;2024;24;29;Sexta-Feira;2
30/11/2024;01/11/2024;11;Novembro;Nov;2024;24;30;Sßbado;2
01/02/2022;01/02/2022;2;Fevereiro;Fev;2022;22;1;Terþa-Feira;1
02/02/2022;01/02/2022;2;Fevereiro;Fev;2022;22;2;Quarta-Feira;1
03/02/2022;01/02/2022;2;Fevereiro;Fev;2022;22;3;Quinta-Feira;1
04/02/2022;01/02/2022;2;Fevereiro;Fev;2022;22;4;Sexta-Feira;1
05/02/2022;01/02/2022;2;Fevereiro;Fev;2022;22;5;Sßbado;1
06/02/2022;01/02/2022;2;Fevereiro;Fev;2022;22;6;Domingo;1
07/02/2022;01/02/2022;2;Fevereiro;Fev;2022;22;7;Segunda-Feira;1
08/02/2022;01/02/2022;2;Fevereiro;Fev;2022;22;8;Terþa-Feira;1
09/02/2022;01/02/2022;2;Fevereiro;Fev;2022;22;9;Quarta-Feira;1
10/02/2022;01/02/2022;2;Fevereiro;Fev;2022;22;10;Quinta-Feira;1
11/02/2022;01/02/2022;2;Fevereiro;Fev;2022;22;11;Sexta-Feira;1
12/02/2022;01/02/2022;2;Fevereiro;Fev;2022;22;12;Sßbado;1
13/02/2022;01/02/2022;2;Fevereiro;Fev;2022;22;13;Domingo;1
14/02/2022;01/02/2022;2;Fevereiro;Fev;2022;22;14;Segunda-Feira;1
15/02/2022;01/02/2022;2;Fevereiro;Fev;2022;22;15;Terþa-Feira;1
16/02/2022;01/02/2022;2;Fevereiro;Fev;2022;22;16;Quarta-Feira;1
17/02/2022;01/02/2022;2;Fevereiro;Fev;2022;22;17;Quinta-Feira;1
18/02/2022;01/02/2022;2;Fevereiro;Fev;2022;22;18;Sexta-Feira;1
19/02/2022;01/02/2022;2;Fevereiro;Fev;2022;22;19;Sßbado;1
20/02/2022;01/02/2022;2;Fevereiro;Fev;2022;22;20;Domingo;1
21/02/2022;01/02/2022;2;Fevereiro;Fev;2022;22;21;Segunda-Feira;1
22/02/2022;01/02/2022;2;Fevereiro;Fev;2022;22;22;Terþa-Feira;1
23/02/2022;01/02/2022;2;Fevereiro;Fev;2022;22;23;Quarta-Feira;1
24/02/2022;01/02/2022;2;Fevereiro;Fev;2022;22;24;Quinta-Feira;1
25/02/2022;01/02/2022;2;Fevereiro;Fev;2022;22;25;Sexta-Feira;1
26/02/2022;01/02/2022;2;Fevereiro;Fev;2022;22;26;Sßbado;1
27/02/2022;01/02/2022;2;Fevereiro;Fev;2022;22;27;Domingo;1
28/02/2022;01/02/2022;2;Fevereiro;Fev;2022;22;28;Segunda-Feira;1
01/02/2023;01/02/2023;2;Fevereiro;Fev;2023;23;1;Quarta-Feira;1
02/02/2023;01/02/2023;2;Fevereiro;Fev;2023;23;2;Quinta-Feira;1
03/02/2023;01/02/2023;2;Fevereiro;Fev;2023;23;3;Sexta-Feira;1
04/02/2023;01/02/2023;2;Fevereiro;Fev;2023;23;4;Sßbado;1
05/02/2023;01/02/2023;2;Fevereiro;Fev;2023;23;5;Domingo;1
06/02/2023;01/02/2023;2;Fevereiro;Fev;2023;23;6;Segunda-Feira;1
07/02/2023;01/02/2023;2;Fevereiro;Fev;2023;23;7;Terþa-Feira;1
08/02/2023;01/02/2023;2;Fevereiro;Fev;2023;23;8;Quarta-Feira;1
09/02/2023;01/02/2023;2;Fevereiro;Fev;2023;23;9;Quinta-Feira;1
10/02/2023;01/02/2023;2;Fevereiro;Fev;2023;23;10;Sexta-Feira;1
11/02/2023;01/02/2023;2;Fevereiro;Fev;2023;23;11;Sßbado;1
12/02/2023;01/02/2023;2;Fevereiro;Fev;2023;23;12;Domingo;1
13/02/2023;01/02/2023;2;Fevereiro;Fev;2023;23;13;Segunda-Feira;1
14/02/2023;01/02/2023;2;Fevereiro;Fev;2023;23;14;Terþa-Feira;1
15/02/2023;01/02/2023;2;Fevereiro;Fev;2023;23;15;Quarta-Feira;1
16/02/2023;01/02/2023;2;Fevereiro;Fev;2023;23;16;Quinta-Feira;1
17/02/2023;01/02/2023;2;Fevereiro;Fev;2023;23;17;Sexta-Feira;1
18/02/2023;01/02/2023;2;Fevereiro;Fev;2023;23;18;Sßbado;1
19/02/2023;01/02/2023;2;Fevereiro;Fev;2023;23;19;Domingo;1
20/02/2023;01/02/2023;2;Fevereiro;Fev;2023;23;20;Segunda-Feira;1
21/02/2023;01/02/2023;2;Fevereiro;Fev;2023;23;21;Terþa-Feira;1
22/02/2023;01/02/2023;2;Fevereiro;Fev;2023;23;22;Quarta-Feira;1
23/02/2023;01/02/2023;2;Fevereiro;Fev;2023;23;23;Quinta-Feira;1
24/02/2023;01/02/2023;2;Fevereiro;Fev;2023;23;24;Sexta-Feira;1
25/02/2023;01/02/2023;2;Fevereiro;Fev;2023;23;25;Sßbado;1
26/02/2023;01/02/2023;2;Fevereiro;Fev;2023;23;26;Domingo;1
27/02/2023;01/02/2023;2;Fevereiro;Fev;2023;23;27;Segunda-Feira;1
28/02/2023;01/02/2023;2;Fevereiro;Fev;2023;23;28;Terþa-Feira;1
01/02/2024;01/02/2024;2;Fevereiro;Fev;2024;24;1;Quinta-Feira;1
02/02/2024;01/02/2024;2;Fevereiro;Fev;2024;24;2;Sexta-Feira;1
03/02/2024;01/02/2024;2;Fevereiro;Fev;2024;24;3;Sßbado;1
04/02/2024;01/02/2024;2;Fevereiro;Fev;2024;24;4;Domingo;1
05/02/2024;01/02/2024;2;Fevereiro;Fev;2024;24;5;Segunda-Feira;1
06/02/2024;01/02/2024;2;Fevereiro;Fev;2024;24;6;Terþa-Feira;1
07/02/2024;01/02/2024;2;Fevereiro;Fev;2024;24;7;Quarta-Feira;1
08/02/2024;01/02/2024;2;Fevereiro;Fev;2024;24;8;Quinta-Feira;1
09/02/2024;01/02/2024;2;Fevereiro;Fev;2024;24;9;Sexta-Feira;1
10/02/2024;01/02/2024;2;Fevereiro;Fev;2024;24;10;Sßbado;1
11/02/2024;01/02/2024;2;Fevereiro;Fev;2024;24;11;Domingo;1
12/02/2024;01/02/2024;2;Fevereiro;Fev;2024;24;12;Segunda-Feira;1
13/02/2024;01/02/2024;2;Fevereiro;Fev;2024;24;13;Terþa-Feira;1
14/02/2024;01/02/2024;2;Fevereiro;Fev;2024;24;14;Quarta-Feira;1
15/02/2024;01/02/2024;2;Fevereiro;Fev;2024;24;15;Quinta-Feira;1
16/02/2024;01/02/2024;2;Fevereiro;Fev;2024;24;16;Sexta-Feira;1
17/02/2024;01/02/2024;2;Fevereiro;Fev;2024;24;17;Sßbado;1
18/02/2024;01/02/2024;2;Fevereiro;Fev;2024;24;18;Domingo;1
19/02/2024;01/02/2024;2;Fevereiro;Fev;2024;24;19;Segunda-Feira;1
20/02/2024;01/02/2024;2;Fevereiro;Fev;2024;24;20;Terþa-Feira;1
21/02/2024;01/02/2024;2;Fevereiro;Fev;2024;24;21;Quarta-Feira;1
22/02/2024;01/02/2024;2;Fevereiro;Fev;2024;24;22;Quinta-Feira;1
23/02/2024;01/02/2024;2;Fevereiro;Fev;2024;24;23;Sexta-Feira;1
24/02/2024;01/02/2024;2;Fevereiro;Fev;2024;24;24;Sßbado;1
25/02/2024;01/02/2024;2;Fevereiro;Fev;2024;24;25;Domingo;1
26/02/2024;01/02/2024;2;Fevereiro;Fev;2024;24;26;Segunda-Feira;1
27/02/2024;01/02/2024;2;Fevereiro;Fev;2024;24;27;Terþa-Feira;1
28/02/2024;01/02/2024;2;Fevereiro;Fev;2024;24;28;Quarta-Feira;1
29/02/2024;01/02/2024;2;Fevereiro;Fev;2024;24;29;Quinta-Feira;1
01/06/2022;01/06/2022;6;Junho;Jun;2022;22;1;Quarta-Feira;1
02/06/2022;01/06/2022;6;Junho;Jun;2022;22;2;Quinta-Feira;1
03/06/2022;01/06/2022;6;Junho;Jun;2022;22;3;Sexta-Feira;1
04/06/2022;01/06/2022;6;Junho;Jun;2022;22;4;Sßbado;1
05/06/2022;01/06/2022;6;Junho;Jun;2022;22;5;Domingo;1
06/06/2022;01/06/2022;6;Junho;Jun;2022;22;6;Segunda-Feira;1
07/06/2022;01/06/2022;6;Junho;Jun;2022;22;7;Terþa-Feira;1
08/06/2022;01/06/2022;6;Junho;Jun;2022;22;8;Quarta-Feira;1
09/06/2022;01/06/2022;6;Junho;Jun;2022;22;9;Quinta-Feira;1
10/06/2022;01/06/2022;6;Junho;Jun;2022;22;10;Sexta-Feira;1
11/06/2022;01/06/2022;6;Junho;Jun;2022;22;11;Sßbado;1
12/06/2022;01/06/2022;6;Junho;Jun;2022;22;12;Domingo;1
13/06/2022;01/06/2022;6;Junho;Jun;2022;22;13;Segunda-Feira;1
14/06/2022;01/06/2022;6;Junho;Jun;2022;22;14;Terþa-Feira;1
15/06/2022;01/06/2022;6;Junho;Jun;2022;22;15;Quarta-Feira;1
16/06/2022;01/06/2022;6;Junho;Jun;2022;22;16;Quinta-Feira;1
17/06/2022;01/06/2022;6;Junho;Jun;2022;22;17;Sexta-Feira;1
18/06/2022;01/06/2022;6;Junho;Jun;2022;22;18;Sßbado;1
19/06/2022;01/06/2022;6;Junho;Jun;2022;22;19;Domingo;1
20/06/2022;01/06/2022;6;Junho;Jun;2022;22;20;Segunda-Feira;1
21/06/2022;01/06/2022;6;Junho;Jun;2022;22;21;Terþa-Feira;1
22/06/2022;01/06/2022;6;Junho;Jun;2022;22;22;Quarta-Feira;1
23/06/2022;01/06/2022;6;Junho;Jun;2022;22;23;Quinta-Feira;1
24/06/2022;01/06/2022;6;Junho;Jun;2022;22;24;Sexta-Feira;1
25/06/2022;01/06/2022;6;Junho;Jun;2022;22;25;Sßbado;1
26/06/2022;01/06/2022;6;Junho;Jun;2022;22;26;Domingo;1
27/06/2022;01/06/2022;6;Junho;Jun;2022;22;27;Segunda-Feira;1
28/06/2022;01/06/2022;6;Junho;Jun;2022;22;28;Terþa-Feira;1
29/06/2022;01/06/2022;6;Junho;Jun;2022;22;29;Quarta-Feira;1
30/06/2022;01/06/2022;6;Junho;Jun;2022;22;30;Quinta-Feira;1
01/06/2023;01/06/2023;6;Junho;Jun;2023;23;1;Quinta-Feira;1
02/06/2023;01/06/2023;6;Junho;Jun;2023;23;2;Sexta-Feira;1
03/06/2023;01/06/2023;6;Junho;Jun;2023;23;3;Sßbado;1
04/06/2023;01/06/2023;6;Junho;Jun;2023;23;4;Domingo;1
05/06/2023;01/06/2023;6;Junho;Jun;2023;23;5;Segunda-Feira;1
06/06/2023;01/06/2023;6;Junho;Jun;2023;23;6;Terþa-Feira;1
07/06/2023;01/06/2023;6;Junho;Jun;2023;23;7;Quarta-Feira;1
08/06/2023;01/06/2023;6;Junho;Jun;2023;23;8;Quinta-Feira;1
09/06/2023;01/06/2023;6;Junho;Jun;2023;23;9;Sexta-Feira;1
10/06/2023;01/06/2023;6;Junho;Jun;2023;23;10;Sßbado;1
11/06/2023;01/06/2023;6;Junho;Jun;2023;23;11;Domingo;1
12/06/2023;01/06/2023;6;Junho;Jun;2023;23;12;Segunda-Feira;1
13/06/2023;01/06/2023;6;Junho;Jun;2023;23;13;Terþa-Feira;1
14/06/2023;01/06/2023;6;Junho;Jun;2023;23;14;Quarta-Feira;1
15/06/2023;01/06/2023;6;Junho;Jun;2023;23;15;Quinta-Feira;1
16/06/2023;01/06/2023;6;Junho;Jun;2023;23;16;Sexta-Feira;1
17/06/2023;01/06/2023;6;Junho;Jun;2023;23;17;Sßbado;1
18/06/2023;01/06/2023;6;Junho;Jun;2023;23;18;Domingo;1
19/06/2023;01/06/2023;6;Junho;Jun;2023;23;19;Segunda-Feira;1
20/06/2023;01/06/2023;6;Junho;Jun;2023;23;20;Terþa-Feira;1
21/06/2023;01/06/2023;6;Junho;Jun;2023;23;21;Quarta-Feira;1
22/06/2023;01/06/2023;6;Junho;Jun;2023;23;22;Quinta-Feira;1
23/06/2023;01/06/2023;6;Junho;Jun;2023;23;23;Sexta-Feira;1
24/06/2023;01/06/2023;6;Junho;Jun;2023;23;24;Sßbado;1
25/06/2023;01/06/2023;6;Junho;Jun;2023;23;25;Domingo;1
26/06/2023;01/06/2023;6;Junho;Jun;2023;23;26;Segunda-Feira;1
27/06/2023;01/06/2023;6;Junho;Jun;2023;23;27;Terþa-Feira;1
28/06/2023;01/06/2023;6;Junho;Jun;2023;23;28;Quarta-Feira;1
29/06/2023;01/06/2023;6;Junho;Jun;2023;23;29;Quinta-Feira;1
30/06/2023;01/06/2023;6;Junho;Jun;2023;23;30;Sexta-Feira;1
01/06/2024;01/06/2024;6;Junho;Jun;2024;24;1;Sßbado;1
02/06/2024;01/06/2024;6;Junho;Jun;2024;24;2;Domingo;1
03/06/2024;01/06/2024;6;Junho;Jun;2024;24;3;Segunda-Feira;1
04/06/2024;01/06/2024;6;Junho;Jun;2024;24;4;Terþa-Feira;1
05/06/2024;01/06/2024;6;Junho;Jun;2024;24;5;Quarta-Feira;1
06/06/2024;01/06/2024;6;Junho;Jun;2024;24;6;Quinta-Feira;1
07/06/2024;01/06/2024;6;Junho;Jun;2024;24;7;Sexta-Feira;1
08/06/2024;01/06/2024;6;Junho;Jun;2024;24;8;Sßbado;1
09/06/2024;01/06/2024;6;Junho;Jun;2024;24;9;Domingo;1
10/06/2024;01/06/2024;6;Junho;Jun;2024;24;10;Segunda-Feira;1
11/06/2024;01/06/2024;6;Junho;Jun;2024;24;11;Terþa-Feira;1
12/06/2024;01/06/2024;6;Junho;Jun;2024;24;12;Quarta-Feira;1
13/06/2024;01/06/2024;6;Junho;Jun;2024;24;13;Quinta-Feira;1
14/06/2024;01/06/2024;6;Junho;Jun;2024;24;14;Sexta-Feira;1
15/06/2024;01/06/2024;6;Junho;Jun;2024;24;15;Sßbado;1
16/06/2024;01/06/2024;6;Junho;Jun;2024;24;16;Domingo;1
17/06/2024;01/06/2024;6;Junho;Jun;2024;24;17;Segunda-Feira;1
18/06/2024;01/06/2024;6;Junho;Jun;2024;24;18;Terþa-Feira;1
19/06/2024;01/06/2024;6;Junho;Jun;2024;24;19;Quarta-Feira;1
20/06/2024;01/06/2024;6;Junho;Jun;2024;24;20;Quinta-Feira;1
21/06/2024;01/06/2024;6;Junho;Jun;2024;24;21;Sexta-Feira;1
22/06/2024;01/06/2024;6;Junho;Jun;2024;24;22;Sßbado;1
23/06/2024;01/06/2024;6;Junho;Jun;2024;24;23;Domingo;1
24/06/2024;01/06/2024;6;Junho;Jun;2024;24;24;Segunda-Feira;1
25/06/2024;01/06/2024;6;Junho;Jun;2024;24;25;Terþa-Feira;1
26/06/2024;01/06/2024;6;Junho;Jun;2024;24;26;Quarta-Feira;1
27/06/2024;01/06/2024;6;Junho;Jun;2024;24;27;Quinta-Feira;1
28/06/2024;01/06/2024;6;Junho;Jun;2024;24;28;Sexta-Feira;1
29/06/2024;01/06/2024;6;Junho;Jun;2024;24;29;Sßbado;1
30/06/2024;01/06/2024;6;Junho;Jun;2024;24;30;Domingo;1
01/04/2022;01/04/2022;4;Abril;Abr;2022;22;1;Sexta-Feira;1
02/04/2022;01/04/2022;4;Abril;Abr;2022;22;2;Sßbado;1
03/04/2022;01/04/2022;4;Abril;Abr;2022;22;3;Domingo;1
04/04/2022;01/04/2022;4;Abril;Abr;2022;22;4;Segunda-Feira;1
05/04/2022;01/04/2022;4;Abril;Abr;2022;22;5;Terþa-Feira;1
06/04/2022;01/04/2022;4;Abril;Abr;2022;22;6;Quarta-Feira;1
07/04/2022;01/04/2022;4;Abril;Abr;2022;22;7;Quinta-Feira;1
08/04/2022;01/04/2022;4;Abril;Abr;2022;22;8;Sexta-Feira;1
09/04/2022;01/04/2022;4;Abril;Abr;2022;22;9;Sßbado;1
10/04/2022;01/04/2022;4;Abril;Abr;2022;22;10;Domingo;1
11/04/2022;01/04/2022;4;Abril;Abr;2022;22;11;Segunda-Feira;1
12/04/2022;01/04/2022;4;Abril;Abr;2022;22;12;Terþa-Feira;1
13/04/2022;01/04/2022;4;Abril;Abr;2022;22;13;Quarta-Feira;1
14/04/2022;01/04/2022;4;Abril;Abr;2022;22;14;Quinta-Feira;1
15/04/2022;01/04/2022;4;Abril;Abr;2022;22;15;Sexta-Feira;1
16/04/2022;01/04/2022;4;Abril;Abr;2022;22;16;Sßbado;1
17/04/2022;01/04/2022;4;Abril;Abr;2022;22;17;Domingo;1
18/04/2022;01/04/2022;4;Abril;Abr;2022;22;18;Segunda-Feira;1
19/04/2022;01/04/2022;4;Abril;Abr;2022;22;19;Terþa-Feira;1
20/04/2022;01/04/2022;4;Abril;Abr;2022;22;20;Quarta-Feira;1
21/04/2022;01/04/2022;4;Abril;Abr;2022;22;21;Quinta-Feira;1
22/04/2022;01/04/2022;4;Abril;Abr;2022;22;22;Sexta-Feira;1
23/04/2022;01/04/2022;4;Abril;Abr;2022;22;23;Sßbado;1
24/04/2022;01/04/2022;4;Abril;Abr;2022;22;24;Domingo;1
25/04/2022;01/04/2022;4;Abril;Abr;2022;22;25;Segunda-Feira;1
26/04/2022;01/04/2022;4;Abril;Abr;2022;22;26;Terþa-Feira;1
27/04/2022;01/04/2022;4;Abril;Abr;2022;22;27;Quarta-Feira;1
28/04/2022;01/04/2022;4;Abril;Abr;2022;22;28;Quinta-Feira;1
29/04/2022;01/04/2022;4;Abril;Abr;2022;22;29;Sexta-Feira;1
30/04/2022;01/04/2022;4;Abril;Abr;2022;22;30;Sßbado;1
01/04/2023;01/04/2023;4;Abril;Abr;2023;23;1;Sßbado;1
02/04/2023;01/04/2023;4;Abril;Abr;2023;23;2;Domingo;1
03/04/2023;01/04/2023;4;Abril;Abr;2023;23;3;Segunda-Feira;1
04/04/2023;01/04/2023;4;Abril;Abr;2023;23;4;Terþa-Feira;1
05/04/2023;01/04/2023;4;Abril;Abr;2023;23;5;Quarta-Feira;1
06/04/2023;01/04/2023;4;Abril;Abr;2023;23;6;Quinta-Feira;1
07/04/2023;01/04/2023;4;Abril;Abr;2023;23;7;Sexta-Feira;1
08/04/2023;01/04/2023;4;Abril;Abr;2023;23;8;Sßbado;1
09/04/2023;01/04/2023;4;Abril;Abr;2023;23;9;Domingo;1
10/04/2023;01/04/2023;4;Abril;Abr;2023;23;10;Segunda-Feira;1
11/04/2023;01/04/2023;4;Abril;Abr;2023;23;11;Terþa-Feira;1
12/04/2023;01/04/2023;4;Abril;Abr;2023;23;12;Quarta-Feira;1
13/04/2023;01/04/2023;4;Abril;Abr;2023;23;13;Quinta-Feira;1
14/04/2023;01/04/2023;4;Abril;Abr;2023;23;14;Sexta-Feira;1
15/04/2023;01/04/2023;4;Abril;Abr;2023;23;15;Sßbado;1
16/04/2023;01/04/2023;4;Abril;Abr;2023;23;16;Domingo;1
17/04/2023;01/04/2023;4;Abril;Abr;2023;23;17;Segunda-Feira;1
18/04/2023;01/04/2023;4;Abril;Abr;2023;23;18;Terþa-Feira;1
19/04/2023;01/04/2023;4;Abril;Abr;2023;23;19;Quarta-Feira;1
20/04/2023;01/04/2023;4;Abril;Abr;2023;23;20;Quinta-Feira;1
21/04/2023;01/04/2023;4;Abril;Abr;2023;23;21;Sexta-Feira;1
22/04/2023;01/04/2023;4;Abril;Abr;2023;23;22;Sßbado;1
23/04/2023;01/04/2023;4;Abril;Abr;2023;23;23;Domingo;1
24/04/2023;01/04/2023;4;Abril;Abr;2023;23;24;Segunda-Feira;1
25/04/2023;01/04/2023;4;Abril;Abr;2023;23;25;Terþa-Feira;1
26/04/2023;01/04/2023;4;Abril;Abr;2023;23;26;Quarta-Feira;1
27/04/2023;01/04/2023;4;Abril;Abr;2023;23;27;Quinta-Feira;1
28/04/2023;01/04/2023;4;Abril;Abr;2023;23;28;Sexta-Feira;1
29/04/2023;01/04/2023;4;Abril;Abr;2023;23;29;Sßbado;1
30/04/2023;01/04/2023;4;Abril;Abr;2023;23;30;Domingo;1
01/04/2024;01/04/2024;4;Abril;Abr;2024;24;1;Segunda-Feira;1
02/04/2024;01/04/2024;4;Abril;Abr;2024;24;2;Terþa-Feira;1
03/04/2024;01/04/2024;4;Abril;Abr;2024;24;3;Quarta-Feira;1
04/04/2024;01/04/2024;4;Abril;Abr;2024;24;4;Quinta-Feira;1
05/04/2024;01/04/2024;4;Abril;Abr;2024;24;5;Sexta-Feira;1
06/04/2024;01/04/2024;4;Abril;Abr;2024;24;6;Sßbado;1
07/04/2024;01/04/2024;4;Abril;Abr;2024;24;7;Domingo;1
08/04/2024;01/04/2024;4;Abril;Abr;2024;24;8;Segunda-Feira;1
09/04/2024;01/04/2024;4;Abril;Abr;2024;24;9;Terþa-Feira;1
10/04/2024;01/04/2024;4;Abril;Abr;2024;24;10;Quarta-Feira;1
11/04/2024;01/04/2024;4;Abril;Abr;2024;24;11;Quinta-Feira;1
12/04/2024;01/04/2024;4;Abril;Abr;2024;24;12;Sexta-Feira;1
13/04/2024;01/04/2024;4;Abril;Abr;2024;24;13;Sßbado;1
14/04/2024;01/04/2024;4;Abril;Abr;2024;24;14;Domingo;1
15/04/2024;01/04/2024;4;Abril;Abr;2024;24;15;Segunda-Feira;1
16/04/2024;01/04/2024;4;Abril;Abr;2024;24;16;Terþa-Feira;1
17/04/2024;01/04/2024;4;Abril;Abr;2024;24;17;Quarta-Feira;1
18/04/2024;01/04/2024;4;Abril;Abr;2024;24;18;Quinta-Feira;1
19/04/2024;01/04/2024;4;Abril;Abr;2024;24;19;Sexta-Feira;1
20/04/2024;01/04/2024;4;Abril;Abr;2024;24;20;Sßbado;1
21/04/2024;01/04/2024;4;Abril;Abr;2024;24;21;Domingo;1
22/04/2024;01/04/2024;4;Abril;Abr;2024;24;22;Segunda-Feira;1
23/04/2024;01/04/2024;4;Abril;Abr;2024;24;23;Terþa-Feira;1
24/04/2024;01/04/2024;4;Abril;Abr;2024;24;24;Quarta-Feira;1
25/04/2024;01/04/2024;4;Abril;Abr;2024;24;25;Quinta-Feira;1
26/04/2024;01/04/2024;4;Abril;Abr;2024;24;26;Sexta-Feira;1
27/04/2024;01/04/2024;4;Abril;Abr;2024;24;27;Sßbado;1
28/04/2024;01/04/2024;4;Abril;Abr;2024;24;28;Domingo;1
29/04/2024;01/04/2024;4;Abril;Abr;2024;24;29;Segunda-Feira;1
30/04/2024;01/04/2024;4;Abril;Abr;2024;24;30;Terþa-Feira;1
01/05/2022;01/05/2022;5;Maio;Mai;2022;22;1;Domingo;1
02/05/2022;01/05/2022;5;Maio;Mai;2022;22;2;Segunda-Feira;1
03/05/2022;01/05/2022;5;Maio;Mai;2022;22;3;Terþa-Feira;1
04/05/2022;01/05/2022;5;Maio;Mai;2022;22;4;Quarta-Feira;1
05/05/2022;01/05/2022;5;Maio;Mai;2022;22;5;Quinta-Feira;1
06/05/2022;01/05/2022;5;Maio;Mai;2022;22;6;Sexta-Feira;1
07/05/2022;01/05/2022;5;Maio;Mai;2022;22;7;Sßbado;1
08/05/2022;01/05/2022;5;Maio;Mai;2022;22;8;Domingo;1
09/05/2022;01/05/2022;5;Maio;Mai;2022;22;9;Segunda-Feira;1
10/05/2022;01/05/2022;5;Maio;Mai;2022;22;10;Terþa-Feira;1
11/05/2022;01/05/2022;5;Maio;Mai;2022;22;11;Quarta-Feira;1
12/05/2022;01/05/2022;5;Maio;Mai;2022;22;12;Quinta-Feira;1
13/05/2022;01/05/2022;5;Maio;Mai;2022;22;13;Sexta-Feira;1
14/05/2022;01/05/2022;5;Maio;Mai;2022;22;14;Sßbado;1
15/05/2022;01/05/2022;5;Maio;Mai;2022;22;15;Domingo;1
16/05/2022;01/05/2022;5;Maio;Mai;2022;22;16;Segunda-Feira;1
17/05/2022;01/05/2022;5;Maio;Mai;2022;22;17;Terþa-Feira;1
18/05/2022;01/05/2022;5;Maio;Mai;2022;22;18;Quarta-Feira;1
19/05/2022;01/05/2022;5;Maio;Mai;2022;22;19;Quinta-Feira;1
20/05/2022;01/05/2022;5;Maio;Mai;2022;22;20;Sexta-Feira;1
21/05/2022;01/05/2022;5;Maio;Mai;2022;22;21;Sßbado;1
22/05/2022;01/05/2022;5;Maio;Mai;2022;22;22;Domingo;1
23/05/2022;01/05/2022;5;Maio;Mai;2022;22;23;Segunda-Feira;1
24/05/2022;01/05/2022;5;Maio;Mai;2022;22;24;Terþa-Feira;1
25/05/2022;01/05/2022;5;Maio;Mai;2022;22;25;Quarta-Feira;1
26/05/2022;01/05/2022;5;Maio;Mai;2022;22;26;Quinta-Feira;1
27/05/2022;01/05/2022;5;Maio;Mai;2022;22;27;Sexta-Feira;1
28/05/2022;01/05/2022;5;Maio;Mai;2022;22;28;Sßbado;1
29/05/2022;01/05/2022;5;Maio;Mai;2022;22;29;Domingo;1
30/05/2022;01/05/2022;5;Maio;Mai;2022;22;30;Segunda-Feira;1
31/05/2022;01/05/2022;5;Maio;Mai;2022;22;31;Terþa-Feira;1
01/05/2023;01/05/2023;5;Maio;Mai;2023;23;1;Segunda-Feira;1
02/05/2023;01/05/2023;5;Maio;Mai;2023;23;2;Terþa-Feira;1
03/05/2023;01/05/2023;5;Maio;Mai;2023;23;3;Quarta-Feira;1
04/05/2023;01/05/2023;5;Maio;Mai;2023;23;4;Quinta-Feira;1
05/05/2023;01/05/2023;5;Maio;Mai;2023;23;5;Sexta-Feira;1
06/05/2023;01/05/2023;5;Maio;Mai;2023;23;6;Sßbado;1
07/05/2023;01/05/2023;5;Maio;Mai;2023;23;7;Domingo;1
08/05/2023;01/05/2023;5;Maio;Mai;2023;23;8;Segunda-Feira;1
09/05/2023;01/05/2023;5;Maio;Mai;2023;23;9;Terþa-Feira;1
10/05/2023;01/05/2023;5;Maio;Mai;2023;23;10;Quarta-Feira;1
11/05/2023;01/05/2023;5;Maio;Mai;2023;23;11;Quinta-Feira;1
12/05/2023;01/05/2023;5;Maio;Mai;2023;23;12;Sexta-Feira;1
13/05/2023;01/05/2023;5;Maio;Mai;2023;23;13;Sßbado;1
14/05/2023;01/05/2023;5;Maio;Mai;2023;23;14;Domingo;1
15/05/2023;01/05/2023;5;Maio;Mai;2023;23;15;Segunda-Feira;1
16/05/2023;01/05/2023;5;Maio;Mai;2023;23;16;Terþa-Feira;1
17/05/2023;01/05/2023;5;Maio;Mai;2023;23;17;Quarta-Feira;1
18/05/2023;01/05/2023;5;Maio;Mai;2023;23;18;Quinta-Feira;1
19/05/2023;01/05/2023;5;Maio;Mai;2023;23;19;Sexta-Feira;1
20/05/2023;01/05/2023;5;Maio;Mai;2023;23;20;Sßbado;1
21/05/2023;01/05/2023;5;Maio;Mai;2023;23;21;Domingo;1
22/05/2023;01/05/2023;5;Maio;Mai;2023;23;22;Segunda-Feira;1
23/05/2023;01/05/2023;5;Maio;Mai;2023;23;23;Terþa-Feira;1
24/05/2023;01/05/2023;5;Maio;Mai;2023;23;24;Quarta-Feira;1
25/05/2023;01/05/2023;5;Maio;Mai;2023;23;25;Quinta-Feira;1
26/05/2023;01/05/2023;5;Maio;Mai;2023;23;26;Sexta-Feira;1
27/05/2023;01/05/2023;5;Maio;Mai;2023;23;27;Sßbado;1
28/05/2023;01/05/2023;5;Maio;Mai;2023;23;28;Domingo;1
29/05/2023;01/05/2023;5;Maio;Mai;2023;23;29;Segunda-Feira;1
30/05/2023;01/05/2023;5;Maio;Mai;2023;23;30;Terþa-Feira;1
31/05/2023;01/05/2023;5;Maio;Mai;2023;23;31;Quarta-Feira;1
01/05/2024;01/05/2024;5;Maio;Mai;2024;24;1;Quarta-Feira;1
02/05/2024;01/05/2024;5;Maio;Mai;2024;24;2;Quinta-Feira;1
03/05/2024;01/05/2024;5;Maio;Mai;2024;24;3;Sexta-Feira;1
04/05/2024;01/05/2024;5;Maio;Mai;2024;24;4;Sßbado;1
05/05/2024;01/05/2024;5;Maio;Mai;2024;24;5;Domingo;1
06/05/2024;01/05/2024;5;Maio;Mai;2024;24;6;Segunda-Feira;1
07/05/2024;01/05/2024;5;Maio;Mai;2024;24;7;Terþa-Feira;1
08/05/2024;01/05/2024;5;Maio;Mai;2024;24;8;Quarta-Feira;1
09/05/2024;01/05/2024;5;Maio;Mai;2024;24;9;Quinta-Feira;1
10/05/2024;01/05/2024;5;Maio;Mai;2024;24;10;Sexta-Feira;1
11/05/2024;01/05/2024;5;Maio;Mai;2024;24;11;Sßbado;1
12/05/2024;01/05/2024;5;Maio;Mai;2024;24;12;Domingo;1
13/05/2024;01/05/2024;5;Maio;Mai;2024;24;13;Segunda-Feira;1
14/05/2024;01/05/2024;5;Maio;Mai;2024;24;14;Terþa-Feira;1
15/05/2024;01/05/2024;5;Maio;Mai;2024;24;15;Quarta-Feira;1
16/05/2024;01/05/2024;5;Maio;Mai;2024;24;16;Quinta-Feira;1
17/05/2024;01/05/2024;5;Maio;Mai;2024;24;17;Sexta-Feira;1
18/05/2024;01/05/2024;5;Maio;Mai;2024;24;18;Sßbado;1
19/05/2024;01/05/2024;5;Maio;Mai;2024;24;19;Domingo;1
20/05/2024;01/05/2024;5;Maio;Mai;2024;24;20;Segunda-Feira;1
21/05/2024;01/05/2024;5;Maio;Mai;2024;24;21;Terþa-Feira;1
22/05/2024;01/05/2024;5;Maio;Mai;2024;24;22;Quarta-Feira;1
23/05/2024;01/05/2024;5;Maio;Mai;2024;24;23;Quinta-Feira;1
24/05/2024;01/05/2024;5;Maio;Mai;2024;24;24;Sexta-Feira;1
25/05/2024;01/05/2024;5;Maio;Mai;2024;24;25;Sßbado;1
26/05/2024;01/05/2024;5;Maio;Mai;2024;24;26;Domingo;1
27/05/2024;01/05/2024;5;Maio;Mai;2024;24;27;Segunda-Feira;1
28/05/2024;01/05/2024;5;Maio;Mai;2024;24;28;Terþa-Feira;1
29/05/2024;01/05/2024;5;Maio;Mai;2024;24;29;Quarta-Feira;1
30/05/2024;01/05/2024;5;Maio;Mai;2024;24;30;Quinta-Feira;1
31/05/2024;01/05/2024;5;Maio;Mai;2024;24;31;Sexta-Feira;1
01/03/2022;01/03/2022;3;Marþo;Mar;2022;22;1;Terþa-Feira;1
02/03/2022;01/03/2022;3;Marþo;Mar;2022;22;2;Quarta-Feira;1
03/03/2022;01/03/2022;3;Marþo;Mar;2022;22;3;Quinta-Feira;1
04/03/2022;01/03/2022;3;Marþo;Mar;2022;22;4;Sexta-Feira;1
05/03/2022;01/03/2022;3;Marþo;Mar;2022;22;5;Sßbado;1
06/03/2022;01/03/2022;3;Marþo;Mar;2022;22;6;Domingo;1
07/03/2022;01/03/2022;3;Marþo;Mar;2022;22;7;Segunda-Feira;1
08/03/2022;01/03/2022;3;Marþo;Mar;2022;22;8;Terþa-Feira;1
09/03/2022;01/03/2022;3;Marþo;Mar;2022;22;9;Quarta-Feira;1
10/03/2022;01/03/2022;3;Marþo;Mar;2022;22;10;Quinta-Feira;1
11/03/2022;01/03/2022;3;Marþo;Mar;2022;22;11;Sexta-Feira;1
12/03/2022;01/03/2022;3;Marþo;Mar;2022;22;12;Sßbado;1
13/03/2022;01/03/2022;3;Marþo;Mar;2022;22;13;Domingo;1
14/03/2022;01/03/2022;3;Marþo;Mar;2022;22;14;Segunda-Feira;1
15/03/2022;01/03/2022;3;Marþo;Mar;2022;22;15;Terþa-Feira;1
16/03/2022;01/03/2022;3;Marþo;Mar;2022;22;16;Quarta-Feira;1
17/03/2022;01/03/2022;3;Marþo;Mar;2022;22;17;Quinta-Feira;1
18/03/2022;01/03/2022;3;Marþo;Mar;2022;22;18;Sexta-Feira;1
19/03/2022;01/03/2022;3;Marþo;Mar;2022;22;19;Sßbado;1
20/03/2022;01/03/2022;3;Marþo;Mar;2022;22;20;Domingo;1
21/03/2022;01/03/2022;3;Marþo;Mar;2022;22;21;Segunda-Feira;1
22/03/2022;01/03/2022;3;Marþo;Mar;2022;22;22;Terþa-Feira;1
23/03/2022;01/03/2022;3;Marþo;Mar;2022;22;23;Quarta-Feira;1
24/03/2022;01/03/2022;3;Marþo;Mar;2022;22;24;Quinta-Feira;1
25/03/2022;01/03/2022;3;Marþo;Mar;2022;22;25;Sexta-Feira;1
26/03/2022;01/03/2022;3;Marþo;Mar;2022;22;26;Sßbado;1
27/03/2022;01/03/2022;3;Marþo;Mar;2022;22;27;Domingo;1
28/03/2022;01/03/2022;3;Marþo;Mar;2022;22;28;Segunda-Feira;1
29/03/2022;01/03/2022;3;Marþo;Mar;2022;22;29;Terþa-Feira;1
30/03/2022;01/03/2022;3;Marþo;Mar;2022;22;30;Quarta-Feira;1
31/03/2022;01/03/2022;3;Marþo;Mar;2022;22;31;Quinta-Feira;1
01/03/2023;01/03/2023;3;Marþo;Mar;2023;23;1;Quarta-Feira;1
02/03/2023;01/03/2023;3;Marþo;Mar;2023;23;2;Quinta-Feira;1
03/03/2023;01/03/2023;3;Marþo;Mar;2023;23;3;Sexta-Feira;1
04/03/2023;01/03/2023;3;Marþo;Mar;2023;23;4;Sßbado;1
05/03/2023;01/03/2023;3;Marþo;Mar;2023;23;5;Domingo;1
06/03/2023;01/03/2023;3;Marþo;Mar;2023;23;6;Segunda-Feira;1
07/03/2023;01/03/2023;3;Marþo;Mar;2023;23;7;Terþa-Feira;1
08/03/2023;01/03/2023;3;Marþo;Mar;2023;23;8;Quarta-Feira;1
09/03/2023;01/03/2023;3;Marþo;Mar;2023;23;9;Quinta-Feira;1
10/03/2023;01/03/2023;3;Marþo;Mar;2023;23;10;Sexta-Feira;1
11/03/2023;01/03/2023;3;Marþo;Mar;2023;23;11;Sßbado;1
12/03/2023;01/03/2023;3;Marþo;Mar;2023;23;12;Domingo;1
13/03/2023;01/03/2023;3;Marþo;Mar;2023;23;13;Segunda-Feira;1
14/03/2023;01/03/2023;3;Marþo;Mar;2023;23;14;Terþa-Feira;1
15/03/2023;01/03/2023;3;Marþo;Mar;2023;23;15;Quarta-Feira;1
16/03/2023;01/03/2023;3;Marþo;Mar;2023;23;16;Quinta-Feira;1
17/03/2023;01/03/2023;3;Marþo;Mar;2023;23;17;Sexta-Feira;1
18/03/2023;01/03/2023;3;Marþo;Mar;2023;23;18;Sßbado;1
19/03/2023;01/03/2023;3;Marþo;Mar;2023;23;19;Domingo;1
20/03/2023;01/03/2023;3;Marþo;Mar;2023;23;20;Segunda-Feira;1
21/03/2023;01/03/2023;3;Marþo;Mar;2023;23;21;Terþa-Feira;1
22/03/2023;01/03/2023;3;Marþo;Mar;2023;23;22;Quarta-Feira;1
23/03/2023;01/03/2023;3;Marþo;Mar;2023;23;23;Quinta-Feira;1
24/03/2023;01/03/2023;3;Marþo;Mar;2023;23;24;Sexta-Feira;1
25/03/2023;01/03/2023;3;Marþo;Mar;2023;23;25;Sßbado;1
26/03/2023;01/03/2023;3;Marþo;Mar;2023;23;26;Domingo;1
27/03/2023;01/03/2023;3;Marþo;Mar;2023;23;27;Segunda-Feira;1
28/03/2023;01/03/2023;3;Marþo;Mar;2023;23;28;Terþa-Feira;1
29/03/2023;01/03/2023;3;Marþo;Mar;2023;23;29;Quarta-Feira;1
30/03/2023;01/03/2023;3;Marþo;Mar;2023;23;30;Quinta-Feira;1
31/03/2023;01/03/2023;3;Marþo;Mar;2023;23;31;Sexta-Feira;1
01/03/2024;01/03/2024;3;Marþo;Mar;2024;24;1;Sexta-Feira;1
02/03/2024;01/03/2024;3;Marþo;Mar;2024;24;2;Sßbado;1
03/03/2024;01/03/2024;3;Marþo;Mar;2024;24;3;Domingo;1
04/03/2024;01/03/2024;3;Marþo;Mar;2024;24;4;Segunda-Feira;1
05/03/2024;01/03/2024;3;Marþo;Mar;2024;24;5;Terþa-Feira;1
06/03/2024;01/03/2024;3;Marþo;Mar;2024;24;6;Quarta-Feira;1
07/03/2024;01/03/2024;3;Marþo;Mar;2024;24;7;Quinta-Feira;1
08/03/2024;01/03/2024;3;Marþo;Mar;2024;24;8;Sexta-Feira;1
09/03/2024;01/03/2024;3;Marþo;Mar;2024;24;9;Sßbado;1
10/03/2024;01/03/2024;3;Marþo;Mar;2024;24;10;Domingo;1
11/03/2024;01/03/2024;3;Marþo;Mar;2024;24;11;Segunda-Feira;1
12/03/2024;01/03/2024;3;Marþo;Mar;2024;24;12;Terþa-Feira;1
13/03/2024;01/03/2024;3;Marþo;Mar;2024;24;13;Quarta-Feira;1
14/03/2024;01/03/2024;3;Marþo;Mar;2024;24;14;Quinta-Feira;1
15/03/2024;01/03/2024;3;Marþo;Mar;2024;24;15;Sexta-Feira;1
16/03/2024;01/03/2024;3;Marþo;Mar;2024;24;16;Sßbado;1
17/03/2024;01/03/2024;3;Marþo;Mar;2024;24;17;Domingo;1
18/03/2024;01/03/2024;3;Marþo;Mar;2024;24;18;Segunda-Feira;1
19/03/2024;01/03/2024;3;Marþo;Mar;2024;24;19;Terþa-Feira;1
20/03/2024;01/03/2024;3;Marþo;Mar;2024;24;20;Quarta-Feira;1
21/03/2024;01/03/2024;3;Marþo;Mar;2024;24;21;Quinta-Feira;1
22/03/2024;01/03/2024;3;Marþo;Mar;2024;24;22;Sexta-Feira;1
23/03/2024;01/03/2024;3;Marþo;Mar;2024;24;23;Sßbado;1
24/03/2024;01/03/2024;3;Marþo;Mar;2024;24;24;Domingo;1
25/03/2024;01/03/2024;3;Marþo;Mar;2024;24;25;Segunda-Feira;1
26/03/2024;01/03/2024;3;Marþo;Mar;2024;24;26;Terþa-Feira;1
27/03/2024;01/03/2024;3;Marþo;Mar;2024;24;27;Quarta-Feira;1
28/03/2024;01/03/2024;3;Marþo;Mar;2024;24;28;Quinta-Feira;1
29/03/2024;01/03/2024;3;Marþo;Mar;2024;24;29;Sexta-Feira;1
30/03/2024;01/03/2024;3;Marþo;Mar;2024;24;30;Sßbado;1
31/03/2024;01/03/2024;3;Marþo;Mar;2024;24;31;Domingo;1
01/01/2022;01/01/2022;1;Janeiro;Jan;2022;22;1;Sßbado;1
02/01/2022;01/01/2022;1;Janeiro;Jan;2022;22;2;Domingo;1
03/01/2022;01/01/2022;1;Janeiro;Jan;2022;22;3;Segunda-Feira;1
04/01/2022;01/01/2022;1;Janeiro;Jan;2022;22;4;Terþa-Feira;1
05/01/2022;01/01/2022;1;Janeiro;Jan;2022;22;5;Quarta-Feira;1
06/01/2022;01/01/2022;1;Janeiro;Jan;2022;22;6;Quinta-Feira;1
07/01/2022;01/01/2022;1;Janeiro;Jan;2022;22;7;Sexta-Feira;1
08/01/2022;01/01/2022;1;Janeiro;Jan;2022;22;8;Sßbado;1
09/01/2022;01/01/2022;1;Janeiro;Jan;2022;22;9;Domingo;1
10/01/2022;01/01/2022;1;Janeiro;Jan;2022;22;10;Segunda-Feira;1
11/01/2022;01/01/2022;1;Janeiro;Jan;2022;22;11;Terþa-Feira;1
12/01/2022;01/01/2022;1;Janeiro;Jan;2022;22;12;Quarta-Feira;1
13/01/2022;01/01/2022;1;Janeiro;Jan;2022;22;13;Quinta-Feira;1
14/01/2022;01/01/2022;1;Janeiro;Jan;2022;22;14;Sexta-Feira;1
15/01/2022;01/01/2022;1;Janeiro;Jan;2022;22;15;Sßbado;1
16/01/2022;01/01/2022;1;Janeiro;Jan;2022;22;16;Domingo;1
17/01/2022;01/01/2022;1;Janeiro;Jan;2022;22;17;Segunda-Feira;1
18/01/2022;01/01/2022;1;Janeiro;Jan;2022;22;18;Terþa-Feira;1
19/01/2022;01/01/2022;1;Janeiro;Jan;2022;22;19;Quarta-Feira;1
20/01/2022;01/01/2022;1;Janeiro;Jan;2022;22;20;Quinta-Feira;1
21/01/2022;01/01/2022;1;Janeiro;Jan;2022;22;21;Sexta-Feira;1
22/01/2022;01/01/2022;1;Janeiro;Jan;2022;22;22;Sßbado;1
23/01/2022;01/01/2022;1;Janeiro;Jan;2022;22;23;Domingo;1
24/01/2022;01/01/2022;1;Janeiro;Jan;2022;22;24;Segunda-Feira;1
25/01/2022;01/01/2022;1;Janeiro;Jan;2022;22;25;Terþa-Feira;1
26/01/2022;01/01/2022;1;Janeiro;Jan;2022;22;26;Quarta-Feira;1
27/01/2022;01/01/2022;1;Janeiro;Jan;2022;22;27;Quinta-Feira;1
28/01/2022;01/01/2022;1;Janeiro;Jan;2022;22;28;Sexta-Feira;1
29/01/2022;01/01/2022;1;Janeiro;Jan;2022;22;29;Sßbado;1
30/01/2022;01/01/2022;1;Janeiro;Jan;2022;22;30;Domingo;1
31/01/2022;01/01/2022;1;Janeiro;Jan;2022;22;31;Segunda-Feira;1
01/01/2023;01/01/2023;1;Janeiro;Jan;2023;23;1;Domingo;1
02/01/2023;01/01/2023;1;Janeiro;Jan;2023;23;2;Segunda-Feira;1
03/01/2023;01/01/2023;1;Janeiro;Jan;2023;23;3;Terþa-Feira;1
04/01/2023;01/01/2023;1;Janeiro;Jan;2023;23;4;Quarta-Feira;1
05/01/2023;01/01/2023;1;Janeiro;Jan;2023;23;5;Quinta-Feira;1
06/01/2023;01/01/2023;1;Janeiro;Jan;2023;23;6;Sexta-Feira;1
07/01/2023;01/01/2023;1;Janeiro;Jan;2023;23;7;Sßbado;1
08/01/2023;01/01/2023;1;Janeiro;Jan;2023;23;8;Domingo;1
09/01/2023;01/01/2023;1;Janeiro;Jan;2023;23;9;Segunda-Feira;1
10/01/2023;01/01/2023;1;Janeiro;Jan;2023;23;10;Terþa-Feira;1
11/01/2023;01/01/2023;1;Janeiro;Jan;2023;23;11;Quarta-Feira;1
12/01/2023;01/01/2023;1;Janeiro;Jan;2023;23;12;Quinta-Feira;1
13/01/2023;01/01/2023;1;Janeiro;Jan;2023;23;13;Sexta-Feira;1
14/01/2023;01/01/2023;1;Janeiro;Jan;2023;23;14;Sßbado;1
15/01/2023;01/01/2023;1;Janeiro;Jan;2023;23;15;Domingo;1
16/01/2023;01/01/2023;1;Janeiro;Jan;2023;23;16;Segunda-Feira;1
17/01/2023;01/01/2023;1;Janeiro;Jan;2023;23;17;Terþa-Feira;1
18/01/2023;01/01/2023;1;Janeiro;Jan;2023;23;18;Quarta-Feira;1
19/01/2023;01/01/2023;1;Janeiro;Jan;2023;23;19;Quinta-Feira;1
20/01/2023;01/01/2023;1;Janeiro;Jan;2023;23;20;Sexta-Feira;1
21/01/2023;01/01/2023;1;Janeiro;Jan;2023;23;21;Sßbado;1
22/01/2023;01/01/2023;1;Janeiro;Jan;2023;23;22;Domingo;1
23/01/2023;01/01/2023;1;Janeiro;Jan;2023;23;23;Segunda-Feira;1
24/01/2023;01/01/2023;1;Janeiro;Jan;2023;23;24;Terþa-Feira;1
25/01/2023;01/01/2023;1;Janeiro;Jan;2023;23;25;Quarta-Feira;1
26/01/2023;01/01/2023;1;Janeiro;Jan;2023;23;26;Quinta-Feira;1
27/01/2023;01/01/2023;1;Janeiro;Jan;2023;23;27;Sexta-Feira;1
28/01/2023;01/01/2023;1;Janeiro;Jan;2023;23;28;Sßbado;1
29/01/2023;01/01/2023;1;Janeiro;Jan;2023;23;29;Domingo;1
30/01/2023;01/01/2023;1;Janeiro;Jan;2023;23;30;Segunda-Feira;1
31/01/2023;01/01/2023;1;Janeiro;Jan;2023;23;31;Terþa-Feira;1
01/01/2024;01/01/2024;1;Janeiro;Jan;2024;24;1;Segunda-Feira;1
02/01/2024;01/01/2024;1;Janeiro;Jan;2024;24;2;Terþa-Feira;1
03/01/2024;01/01/2024;1;Janeiro;Jan;2024;24;3;Quarta-Feira;1
04/01/2024;01/01/2024;1;Janeiro;Jan;2024;24;4;Quinta-Feira;1
05/01/2024;01/01/2024;1;Janeiro;Jan;2024;24;5;Sexta-Feira;1
06/01/2024;01/01/2024;1;Janeiro;Jan;2024;24;6;Sßbado;1
07/01/2024;01/01/2024;1;Janeiro;Jan;2024;24;7;Domingo;1
08/01/2024;01/01/2024;1;Janeiro;Jan;2024;24;8;Segunda-Feira;1
09/01/2024;01/01/2024;1;Janeiro;Jan;2024;24;9;Terþa-Feira;1
10/01/2024;01/01/2024;1;Janeiro;Jan;2024;24;10;Quarta-Feira;1
11/01/2024;01/01/2024;1;Janeiro;Jan;2024;24;11;Quinta-Feira;1
12/01/2024;01/01/2024;1;Janeiro;Jan;2024;24;12;Sexta-Feira;1
13/01/2024;01/01/2024;1;Janeiro;Jan;2024;24;13;Sßbado;1
14/01/2024;01/01/2024;1;Janeiro;Jan;2024;24;14;Domingo;1
15/01/2024;01/01/2024;1;Janeiro;Jan;2024;24;15;Segunda-Feira;1
16/01/2024;01/01/2024;1;Janeiro;Jan;2024;24;16;Terþa-Feira;1
17/01/2024;01/01/2024;1;Janeiro;Jan;2024;24;17;Quarta-Feira;1
18/01/2024;01/01/2024;1;Janeiro;Jan;2024;24;18;Quinta-Feira;1
19/01/2024;01/01/2024;1;Janeiro;Jan;2024;24;19;Sexta-Feira;1
20/01/2024;01/01/2024;1;Janeiro;Jan;2024;24;20;Sßbado;1
21/01/2024;01/01/2024;1;Janeiro;Jan;2024;24;21;Domingo;1
22/01/2024;01/01/2024;1;Janeiro;Jan;2024;24;22;Segunda-Feira;1
23/01/2024;01/01/2024;1;Janeiro;Jan;2024;24;23;Terþa-Feira;1
24/01/2024;01/01/2024;1;Janeiro;Jan;2024;24;24;Quarta-Feira;1
25/01/2024;01/01/2024;1;Janeiro;Jan;2024;24;25;Quinta-Feira;1
26/01/2024;01/01/2024;1;Janeiro;Jan;2024;24;26;Sexta-Feira;1
27/01/2024;01/01/2024;1;Janeiro;Jan;2024;24;27;Sßbado;1
28/01/2024;01/01/2024;1;Janeiro;Jan;2024;24;28;Domingo;1
29/01/2024;01/01/2024;1;Janeiro;Jan;2024;24;29;Segunda-Feira;1
30/01/2024;01/01/2024;1;Janeiro;Jan;2024;24;30;Terþa-Feira;1
31/01/2024;01/01/2024;1;Janeiro;Jan;2024;24;31;Quarta-Feira;1
