data,data_inicio_mes,mes_numero,mes_nome,mes_nome_mmm,ano_yyyy,ano_yy,dia_numero,dia_nome,semestre
2022-07-01,2022-07-01,7,Julho,Jul,2022,22,1,Sexta-Feira,2
2022-07-02,2022-07-01,7,Julho,Jul,2022,22,2,Sábado,2
2022-07-03,2022-07-01,7,Julho,Jul,2022,22,3,Domingo,2
2022-07-04,2022-07-01,7,Julho,Jul,2022,22,4,Segunda-Feira,2
2022-07-05,2022-07-01,7,Julho,Jul,2022,22,5,Terça-Feira,2
2022-07-06,2022-07-01,7,Julho,Jul,2022,22,6,Quarta-Feira,2
2022-07-07,2022-07-01,7,Julho,Jul,2022,22,7,Quinta-Feira,2
2022-07-08,2022-07-01,7,Julho,Jul,2022,22,8,Sexta-Feira,2
2022-07-09,2022-07-01,7,Julho,Jul,2022,22,9,Sábado,2
2022-07-10,2022-07-01,7,Julho,Jul,2022,22,10,Domingo,2
2022-07-11,2022-07-01,7,Julho,Jul,2022,22,11,Segunda-Feira,2
2022-07-12,2022-07-01,7,Julho,Jul,2022,22,12,Terça-Feira,2
2022-07-13,2022-07-01,7,Julho,Jul,2022,22,13,Quarta-Feira,2
2022-07-14,2022-07-01,7,Julho,Jul,2022,22,14,Quinta-Feira,2
2022-07-15,2022-07-01,7,Julho,Jul,2022,22,15,Sexta-Feira,2
2022-07-16,2022-07-01,7,Julho,Jul,2022,22,16,Sábado,2
2022-07-17,2022-07-01,7,Julho,Jul,2022,22,17,Domingo,2
2022-07-18,2022-07-01,7,Julho,Jul,2022,22,18,Segunda-Feira,2
2022-07-19,2022-07-01,7,Julho,Jul,2022,22,19,Terça-Feira,2
2022-07-20,2022-07-01,7,Julho,Jul,2022,22,20,Quarta-Feira,2
2022-07-21,2022-07-01,7,Julho,Jul,2022,22,21,Quinta-Feira,2
2022-07-22,2022-07-01,7,Julho,Jul,2022,22,22,Sexta-Feira,2
2022-07-23,2022-07-01,7,Julho,Jul,2022,22,23,Sábado,2
2022-07-24,2022-07-01,7,Julho,Jul,2022,22,24,Domingo,2
2022-07-25,2022-07-01,7,Julho,Jul,2022,22,25,Segunda-Feira,2
2022-07-26,2022-07-01,7,Julho,Jul,2022,22,26,Terça-Feira,2
2022-07-27,2022-07-01,7,Julho,Jul,2022,22,27,Quarta-Feira,2
2022-07-28,2022-07-01,7,Julho,Jul,2022,22,28,Quinta-Feira,2
2022-07-29,2022-07-01,7,Julho,Jul,2022,22,29,Sexta-Feira,2
2022-07-30,2022-07-01,7,Julho,Jul,2022,22,30,Sábado,2
2022-07-31,2022-07-01,7,Julho,Jul,2022,22,31,Domingo,2
2023-07-01,2023-07-01,7,Julho,Jul,2023,23,1,Sábado,2
2023-07-02,2023-07-01,7,Julho,Jul,2023,23,2,Domingo,2
2023-07-03,2023-07-01,7,Julho,Jul,2023,23,3,Segunda-Feira,2
2023-07-04,2023-07-01,7,Julho,Jul,2023,23,4,Terça-Feira,2
2023-07-05,2023-07-01,7,Julho,Jul,2023,23,5,Quarta-Feira,2
2023-07-06,2023-07-01,7,Julho,Jul,2023,23,6,Quinta-Feira,2
2023-07-07,2023-07-01,7,Julho,Jul,2023,23,7,Sexta-Feira,2
2023-07-08,2023-07-01,7,Julho,Jul,2023,23,8,Sábado,2
2023-07-09,2023-07-01,7,Julho,Jul,2023,23,9,Domingo,2
2023-07-10,2023-07-01,7,Julho,Jul,2023,23,10,Segunda-Feira,2
2023-07-11,2023-07-01,7,Julho,Jul,2023,23,11,Terça-Feira,2
2023-07-12,2023-07-01,7,Julho,Jul,2023,23,12,Quarta-Feira,2
2023-07-13,2023-07-01,7,Julho,Jul,2023,23,13,Quinta-Feira,2
2023-07-14,2023-07-01,7,Julho,Jul,2023,23,14,Sexta-Feira,2
2023-07-15,2023-07-01,7,Julho,Jul,2023,23,15,Sábado,2
2023-07-16,2023-07-01,7,Julho,Jul,2023,23,16,Domingo,2
2023-07-17,2023-07-01,7,Julho,Jul,2023,23,17,Segunda-Feira,2
2023-07-18,2023-07-01,7,Julho,Jul,2023,23,18,Terça-Feira,2
2023-07-19,2023-07-01,7,Julho,Jul,2023,23,19,Quarta-Feira,2
2023-07-20,2023-07-01,7,Julho,Jul,2023,23,20,Quinta-Feira,2
2023-07-21,2023-07-01,7,Julho,Jul,2023,23,21,Sexta-Feira,2
2023-07-22,2023-07-01,7,Julho,Jul,2023,23,22,Sábado,2
2023-07-23,2023-07-01,7,Julho,Jul,2023,23,23,Domingo,2
2023-07-24,2023-07-01,7,Julho,Jul,2023,23,24,Segunda-Feira,2
2023-07-25,2023-07-01,7,Julho,Jul,2023,23,25,Terça-Feira,2
2023-07-26,2023-07-01,7,Julho,Jul,2023,23,26,Quarta-Feira,2
2023-07-27,2023-07-01,7,Julho,Jul,2023,23,27,Quinta-Feira,2
2023-07-28,2023-07-01,7,Julho,Jul,2023,23,28,Sexta-Feira,2
2023-07-29,2023-07-01,7,Julho,Jul,2023,23,29,Sábado,2
2023-07-30,2023-07-01,7,Julho,Jul,2023,23,30,Domingo,2
2023-07-31,2023-07-01,7,Julho,Jul,2023,23,31,Segunda-Feira,2
2024-07-01,2024-07-01,7,Julho,Jul,2024,24,1,Segunda-Feira,2
2024-07-02,2024-07-01,7,Julho,Jul,2024,24,2,Terça-Feira,2
2024-07-03,2024-07-01,7,Julho,Jul,2024,24,3,Quarta-Feira,2
2024-07-04,2024-07-01,7,Julho,Jul,2024,24,4,Quinta-Feira,2
2024-07-05,2024-07-01,7,Julho,Jul,2024,24,5,Sexta-Feira,2
2024-07-06,2024-07-01,7,Julho,Jul,2024,24,6,Sábado,2
2024-07-07,2024-07-01,7,Julho,Jul,2024,24,7,Domingo,2
2024-07-08,2024-07-01,7,Julho,Jul,2024,24,8,Segunda-Feira,2
2024-07-09,2024-07-01,7,Julho,Jul,2024,24,9,Terça-Feira,2
2024-07-10,2024-07-01,7,Julho,Jul,2024,24,10,Quarta-Feira,2
2024-07-11,2024-07-01,7,Julho,Jul,2024,24,11,Quinta-Feira,2
2024-07-12,2024-07-01,7,Julho,Jul,2024,24,12,Sexta-Feira,2
2024-07-13,2024-07-01,7,Julho,Jul,2024,24,13,Sábado,2
2024-07-14,2024-07-01,7,Julho,Jul,2024,24,14,Domingo,2
2024-07-15,2024-07-01,7,Julho,Jul,2024,24,15,Segunda-Feira,2
2024-07-16,2024-07-01,7,Julho,Jul,2024,24,16,Terça-Feira,2
2024-07-17,2024-07-01,7,Julho,Jul,2024,24,17,Quarta-Feira,2
2024-07-18,2024-07-01,7,Julho,Jul,2024,24,18,Quinta-Feira,2
2024-07-19,2024-07-01,7,Julho,Jul,2024,24,19,Sexta-Feira,2
2024-07-20,2024-07-01,7,Julho,Jul,2024,24,20,Sábado,2
2024-07-21,2024-07-01,7,Julho,Jul,2024,24,21,Domingo,2
2024-07-22,2024-07-01,7,Julho,Jul,2024,24,22,Segunda-Feira,2
2024-07-23,2024-07-01,7,Julho,Jul,2024,24,23,Terça-Feira,2
2024-07-24,2024-07-01,7,Julho,Jul,2024,24,24,Quarta-Feira,2
2024-07-25,2024-07-01,7,Julho,Jul,2024,24,25,Quinta-Feira,2
2024-07-26,2024-07-01,7,Julho,Jul,2024,24,26,Sexta-Feira,2
2024-07-27,2024-07-01,7,Julho,Jul,2024,24,27,Sábado,2
2024-07-28,2024-07-01,7,Julho,Jul,2024,24,28,Domingo,2
2024-07-29,2024-07-01,7,Julho,Jul,2024,24,29,Segunda-Feira,2
2024-07-30,2024-07-01,7,Julho,Jul,2024,24,30,Terça-Feira,2
2024-07-31,2024-07-01,7,Julho,Jul,2024,24,31,Quarta-Feira,2
2022-08-01,2022-08-01,8,Agosto,Ago,2022,22,1,Segunda-Feira,2
2022-08-02,2022-08-01,8,Agosto,Ago,2022,22,2,Terça-Feira,2
2022-08-03,2022-08-01,8,Agosto,Ago,2022,22,3,Quarta-Feira,2
2022-08-04,2022-08-01,8,Agosto,Ago,2022,22,4,Quinta-Feira,2
2022-08-05,2022-08-01,8,Agosto,Ago,2022,22,5,Sexta-Feira,2
2022-08-06,2022-08-01,8,Agosto,Ago,2022,22,6,Sábado,2
2022-08-07,2022-08-01,8,Agosto,Ago,2022,22,7,Domingo,2
2022-08-08,2022-08-01,8,Agosto,Ago,2022,22,8,Segunda-Feira,2
2022-08-09,2022-08-01,8,Agosto,Ago,2022,22,9,Terça-Feira,2
2022-08-10,2022-08-01,8,Agosto,Ago,2022,22,10,Quarta-Feira,2
2022-08-11,2022-08-01,8,Agosto,Ago,2022,22,11,Quinta-Feira,2
2022-08-12,2022-08-01,8,Agosto,Ago,2022,22,12,Sexta-Feira,2
2022-08-13,2022-08-01,8,Agosto,Ago,2022,22,13,Sábado,2
2022-08-14,2022-08-01,8,Agosto,Ago,2022,22,14,Domingo,2
2022-08-15,2022-08-01,8,Agosto,Ago,2022,22,15,Segunda-Feira,2
2022-08-16,2022-08-01,8,Agosto,Ago,2022,22,16,Terça-Feira,2
2022-08-17,2022-08-01,8,Agosto,Ago,2022,22,17,Quarta-Feira,2
2022-08-18,2022-08-01,8,Agosto,Ago,2022,22,18,Quinta-Feira,2
2022-08-19,2022-08-01,8,Agosto,Ago,2022,22,19,Sexta-Feira,2
2022-08-20,2022-08-01,8,Agosto,Ago,2022,22,20,Sábado,2
2022-08-21,2022-08-01,8,Agosto,Ago,2022,22,21,Domingo,2
2022-08-22,2022-08-01,8,Agosto,Ago,2022,22,22,Segunda-Feira,2
2022-08-23,2022-08-01,8,Agosto,Ago,2022,22,23,Terça-Feira,2
2022-08-24,2022-08-01,8,Agosto,Ago,2022,22,24,Quarta-Feira,2
2022-08-25,2022-08-01,8,Agosto,Ago,2022,22,25,Quinta-Feira,2
2022-08-26,2022-08-01,8,Agosto,Ago,2022,22,26,Sexta-Feira,2
2022-08-27,2022-08-01,8,Agosto,Ago,2022,22,27,Sábado,2
2022-08-28,2022-08-01,8,Agosto,Ago,2022,22,28,Domingo,2
2022-08-29,2022-08-01,8,Agosto,Ago,2022,22,29,Segunda-Feira,2
2022-08-30,2022-08-01,8,Agosto,Ago,2022,22,30,Terça-Feira,2
2022-08-31,2022-08-01,8,Agosto,Ago,2022,22,31,Quarta-Feira,2
2023-08-01,2023-08-01,8,Agosto,Ago,2023,23,1,Terça-Feira,2
2023-08-02,2023-08-01,8,Agosto,Ago,2023,23,2,Quarta-Feira,2
2023-08-03,2023-08-01,8,Agosto,Ago,2023,23,3,Quinta-Feira,2
2023-08-04,2023-08-01,8,Agosto,Ago,2023,23,4,Sexta-Feira,2
2023-08-05,2023-08-01,8,Agosto,Ago,2023,23,5,Sábado,2
2023-08-06,2023-08-01,8,Agosto,Ago,2023,23,6,Domingo,2
2023-08-07,2023-08-01,8,Agosto,Ago,2023,23,7,Segunda-Feira,2
2023-08-08,2023-08-01,8,Agosto,Ago,2023,23,8,Terça-Feira,2
2023-08-09,2023-08-01,8,Agosto,Ago,2023,23,9,Quarta-Feira,2
2023-08-10,2023-08-01,8,Agosto,Ago,2023,23,10,Quinta-Feira,2
2023-08-11,2023-08-01,8,Agosto,Ago,2023,23,11,Sexta-Feira,2
2023-08-12,2023-08-01,8,Agosto,Ago,2023,23,12,Sábado,2
2023-08-13,2023-08-01,8,Agosto,Ago,2023,23,13,Domingo,2
2023-08-14,2023-08-01,8,Agosto,Ago,2023,23,14,Segunda-Feira,2
2023-08-15,2023-08-01,8,Agosto,Ago,2023,23,15,Terça-Feira,2
2023-08-16,2023-08-01,8,Agosto,Ago,2023,23,16,Quarta-Feira,2
2023-08-17,2023-08-01,8,Agosto,Ago,2023,23,17,Quinta-Feira,2
2023-08-18,2023-08-01,8,Agosto,Ago,2023,23,18,Sexta-Feira,2
2023-08-19,2023-08-01,8,Agosto,Ago,2023,23,19,Sábado,2
2023-08-20,2023-08-01,8,Agosto,Ago,2023,23,20,Domingo,2
2023-08-21,2023-08-01,8,Agosto,Ago,2023,23,21,Segunda-Feira,2
2023-08-22,2023-08-01,8,Agosto,Ago,2023,23,22,Terça-Feira,2
2023-08-23,2023-08-01,8,Agosto,Ago,2023,23,23,Quarta-Feira,2
2023-08-24,2023-08-01,8,Agosto,Ago,2023,23,24,Quinta-Feira,2
2023-08-25,2023-08-01,8,Agosto,Ago,2023,23,25,Sexta-Feira,2
2023-08-26,2023-08-01,8,Agosto,Ago,2023,23,26,Sábado,2
2023-08-27,2023-08-01,8,Agosto,Ago,2023,23,27,Domingo,2
2023-08-28,2023-08-01,8,Agosto,Ago,2023,23,28,Segunda-Feira,2
2023-08-29,2023-08-01,8,Agosto,Ago,2023,23,29,Terça-Feira,2
2023-08-30,2023-08-01,8,Agosto,Ago,2023,23,30,Quarta-Feira,2
2023-08-31,2023-08-01,8,Agosto,Ago,2023,23,31,Quinta-Feira,2
2024-08-01,2024-08-01,8,Agosto,Ago,2024,24,1,Quinta-Feira,2
2024-08-02,2024-08-01,8,Agosto,Ago,2024,24,2,Sexta-Feira,2
2024-08-03,2024-08-01,8,Agosto,Ago,2024,24,3,Sábado,2
2024-08-04,2024-08-01,8,Agosto,Ago,2024,24,4,Domingo,2
2024-08-05,2024-08-01,8,Agosto,Ago,2024,24,5,Segunda-Feira,2
2024-08-06,2024-08-01,8,Agosto,Ago,2024,24,6,Terça-Feira,2
2024-08-07,2024-08-01,8,Agosto,Ago,2024,24,7,Quarta-Feira,2
2024-08-08,2024-08-01,8,Agosto,Ago,2024,24,8,Quinta-Feira,2
2024-08-09,2024-08-01,8,Agosto,Ago,2024,24,9,Sexta-Feira,2
2024-08-10,2024-08-01,8,Agosto,Ago,2024,24,10,Sábado,2
2024-08-11,2024-08-01,8,Agosto,Ago,2024,24,11,Domingo,2
2024-08-12,2024-08-01,8,Agosto,Ago,2024,24,12,Segunda-Feira,2
2024-08-13,2024-08-01,8,Agosto,Ago,2024,24,13,Terça-Feira,2
2024-08-14,2024-08-01,8,Agosto,Ago,2024,24,14,Quarta-Feira,2
2024-08-15,2024-08-01,8,Agosto,Ago,2024,24,15,Quinta-Feira,2
2024-08-16,2024-08-01,8,Agosto,Ago,2024,24,16,Sexta-Feira,2
2024-08-17,2024-08-01,8,Agosto,Ago,2024,24,17,Sábado,2
2024-08-18,2024-08-01,8,Agosto,Ago,2024,24,18,Domingo,2
2024-08-19,2024-08-01,8,Agosto,Ago,2024,24,19,Segunda-Feira,2
2024-08-20,2024-08-01,8,Agosto,Ago,2024,24,20,Terça-Feira,2
2024-08-21,2024-08-01,8,Agosto,Ago,2024,24,21,Quarta-Feira,2
2024-08-22,2024-08-01,8,Agosto,Ago,2024,24,22,Quinta-Feira,2
2024-08-23,2024-08-01,8,Agosto,Ago,2024,24,23,Sexta-Feira,2
2024-08-24,2024-08-01,8,Agosto,Ago,2024,24,24,Sábado,2
2024-08-25,2024-08-01,8,Agosto,Ago,2024,24,25,Domingo,2
2024-08-26,2024-08-01,8,Agosto,Ago,2024,24,26,Segunda-Feira,2
2024-08-27,2024-08-01,8,Agosto,Ago,2024,24,27,Terça-Feira,2
2024-08-28,2024-08-01,8,Agosto,Ago,2024,24,28,Quarta-Feira,2
2024-08-29,2024-08-01,8,Agosto,Ago,2024,24,29,Quinta-Feira,2
2024-08-30,2024-08-01,8,Agosto,Ago,2024,24,30,Sexta-Feira,2
2024-08-31,2024-08-01,8,Agosto,Ago,2024,24,31,Sábado,2
2022-10-01,2022-10-01,10,Outubro,Out,2022,22,1,Sábado,2
2022-10-02,2022-10-01,10,Outubro,Out,2022,22,2,Domingo,2
2022-10-03,2022-10-01,10,Outubro,Out,2022,22,3,Segunda-Feira,2
2022-10-04,2022-10-01,10,Outubro,Out,2022,22,4,Terça-Feira,2
2022-10-05,2022-10-01,10,Outubro,Out,2022,22,5,Quarta-Feira,2
2022-10-06,2022-10-01,10,Outubro,Out,2022,22,6,Quinta-Feira,2
2022-10-07,2022-10-01,10,Outubro,Out,2022,22,7,Sexta-Feira,2
2022-10-08,2022-10-01,10,Outubro,Out,2022,22,8,Sábado,2
2022-10-09,2022-10-01,10,Outubro,Out,2022,22,9,Domingo,2
2022-10-10,2022-10-01,10,Outubro,Out,2022,22,10,Segunda-Feira,2
2022-10-11,2022-10-01,10,Outubro,Out,2022,22,11,Terça-Feira,2
2022-10-12,2022-10-01,10,Outubro,Out,2022,22,12,Quarta-Feira,2
2022-10-13,2022-10-01,10,Outubro,Out,2022,22,13,Quinta-Feira,2
2022-10-14,2022-10-01,10,Outubro,Out,2022,22,14,Sexta-Feira,2
2022-10-15,2022-10-01,10,Outubro,Out,2022,22,15,Sábado,2
2022-10-16,2022-10-01,10,Outubro,Out,2022,22,16,Domingo,2
2022-10-17,2022-10-01,10,Outubro,Out,2022,22,17,Segunda-Feira,2
2022-10-18,2022-10-01,10,Outubro,Out,2022,22,18,Terça-Feira,2
2022-10-19,2022-10-01,10,Outubro,Out,2022,22,19,Quarta-Feira,2
2022-10-20,2022-10-01,10,Outubro,Out,2022,22,20,Quinta-Feira,2
2022-10-21,2022-10-01,10,Outubro,Out,2022,22,21,Sexta-Feira,2
2022-10-22,2022-10-01,10,Outubro,Out,2022,22,22,Sábado,2
2022-10-23,2022-10-01,10,Outubro,Out,2022,22,23,Domingo,2
2022-10-24,2022-10-01,10,Outubro,Out,2022,22,24,Segunda-Feira,2
2022-10-25,2022-10-01,10,Outubro,Out,2022,22,25,Terça-Feira,2
2022-10-26,2022-10-01,10,Outubro,Out,2022,22,26,Quarta-Feira,2
2022-10-27,2022-10-01,10,Outubro,Out,2022,22,27,Quinta-Feira,2
2022-10-28,2022-10-01,10,Outubro,Out,2022,22,28,Sexta-Feira,2
2022-10-29,2022-10-01,10,Outubro,Out,2022,22,29,Sábado,2
2022-10-30,2022-10-01,10,Outubro,Out,2022,22,30,Domingo,2
2022-10-31,2022-10-01,10,Outubro,Out,2022,22,31,Segunda-Feira,2
2023-10-01,2023-10-01,10,Outubro,Out,2023,23,1,Domingo,2
2023-10-02,2023-10-01,10,Outubro,Out,2023,23,2,Segunda-Feira,2
2023-10-03,2023-10-01,10,Outubro,Out,2023,23,3,Terça-Feira,2
2023-10-04,2023-10-01,10,Outubro,Out,2023,23,4,Quarta-Feira,2
2023-10-05,2023-10-01,10,Outubro,Out,2023,23,5,Quinta-Feira,2
2023-10-06,2023-10-01,10,Outubro,Out,2023,23,6,Sexta-Feira,2
2023-10-07,2023-10-01,10,Outubro,Out,2023,23,7,Sábado,2
2023-10-08,2023-10-01,10,Outubro,Out,2023,23,8,Domingo,2
2023-10-09,2023-10-01,10,Outubro,Out,2023,23,9,Segunda-Feira,2
2023-10-10,2023-10-01,10,Outubro,Out,2023,23,10,Terça-Feira,2
2023-10-11,2023-10-01,10,Outubro,Out,2023,23,11,Quarta-Feira,2
2023-10-12,2023-10-01,10,Outubro,Out,2023,23,12,Quinta-Feira,2
2023-10-13,2023-10-01,10,Outubro,Out,2023,23,13,Sexta-Feira,2
2023-10-14,2023-10-01,10,Outubro,Out,2023,23,14,Sábado,2
2023-10-15,2023-10-01,10,Outubro,Out,2023,23,15,Domingo,2
2023-10-16,2023-10-01,10,Outubro,Out,2023,23,16,Segunda-Feira,2
2023-10-17,2023-10-01,10,Outubro,Out,2023,23,17,Terça-Feira,2
2023-10-18,2023-10-01,10,Outubro,Out,2023,23,18,Quarta-Feira,2
2023-10-19,2023-10-01,10,Outubro,Out,2023,23,19,Quinta-Feira,2
2023-10-20,2023-10-01,10,Outubro,Out,2023,23,20,Sexta-Feira,2
2023-10-21,2023-10-01,10,Outubro,Out,2023,23,21,Sábado,2
2023-10-22,2023-10-01,10,Outubro,Out,2023,23,22,Domingo,2
2023-10-23,2023-10-01,10,Outubro,Out,2023,23,23,Segunda-Feira,2
2023-10-24,2023-10-01,10,Outubro,Out,2023,23,24,Terça-Feira,2
2023-10-25,2023-10-01,10,Outubro,Out,2023,23,25,Quarta-Feira,2
2023-10-26,2023-10-01,10,Outubro,Out,2023,23,26,Quinta-Feira,2
2023-10-27,2023-10-01,10,Outubro,Out,2023,23,27,Sexta-Feira,2
2023-10-28,2023-10-01,10,Outubro,Out,2023,23,28,Sábado,2
2023-10-29,2023-10-01,10,Outubro,Out,2023,23,29,Domingo,2
2023-10-30,2023-10-01,10,Outubro,Out,2023,23,30,Segunda-Feira,2
2023-10-31,2023-10-01,10,Outubro,Out,2023,23,31,Terça-Feira,2
2024-10-01,2024-10-01,10,Outubro,Out,2024,24,1,Terça-Feira,2
2024-10-02,2024-10-01,10,Outubro,Out,2024,24,2,Quarta-Feira,2
2024-10-03,2024-10-01,10,Outubro,Out,2024,24,3,Quinta-Feira,2
2024-10-04,2024-10-01,10,Outubro,Out,2024,24,4,Sexta-Feira,2
2024-10-05,2024-10-01,10,Outubro,Out,2024,24,5,Sábado,2
2024-10-06,2024-10-01,10,Outubro,Out,2024,24,6,Domingo,2
2024-10-07,2024-10-01,10,Outubro,Out,2024,24,7,Segunda-Feira,2
2024-10-08,2024-10-01,10,Outubro,Out,2024,24,8,Terça-Feira,2
2024-10-09,2024-10-01,10,Outubro,Out,2024,24,9,Quarta-Feira,2
2024-10-10,2024-10-01,10,Outubro,Out,2024,24,10,Quinta-Feira,2
2024-10-11,2024-10-01,10,Outubro,Out,2024,24,11,Sexta-Feira,2
2024-10-12,2024-10-01,10,Outubro,Out,2024,24,12,Sábado,2
2024-10-13,2024-10-01,10,Outubro,Out,2024,24,13,Domingo,2
2024-10-14,2024-10-01,10,Outubro,Out,2024,24,14,Segunda-Feira,2
2024-10-15,2024-10-01,10,Outubro,Out,2024,24,15,Terça-Feira,2
2024-10-16,2024-10-01,10,Outubro,Out,2024,24,16,Quarta-Feira,2
2024-10-17,2024-10-01,10,Outubro,Out,2024,24,17,Quinta-Feira,2
2024-10-18,2024-10-01,10,Outubro,Out,2024,24,18,Sexta-Feira,2
2024-10-19,2024-10-01,10,Outubro,Out,2024,24,19,Sábado,2
2024-10-20,2024-10-01,10,Outubro,Out,2024,24,20,Domingo,2
2024-10-21,2024-10-01,10,Outubro,Out,2024,24,21,Segunda-Feira,2
2024-10-22,2024-10-01,10,Outubro,Out,2024,24,22,Terça-Feira,2
2024-10-23,2024-10-01,10,Outubro,Out,2024,24,23,Quarta-Feira,2
2024-10-24,2024-10-01,10,Outubro,Out,2024,24,24,Quinta-Feira,2
2024-10-25,2024-10-01,10,Outubro,Out,2024,24,25,Sexta-Feira,2
2024-10-26,2024-10-01,10,Outubro,Out,2024,24,26,Sábado,2
2024-10-27,2024-10-01,10,Outubro,Out,2024,24,27,Domingo,2
2024-10-28,2024-10-01,10,Outubro,Out,2024,24,28,Segunda-Feira,2
2024-10-29,2024-10-01,10,Outubro,Out,2024,24,29,Terça-Feira,2
2024-10-30,2024-10-01,10,Outubro,Out,2024,24,30,Quarta-Feira,2
2024-10-31,2024-10-01,10,Outubro,Out,2024,24,31,Quinta-Feira,2
2022-12-01,2022-12-01,12,Dezembro,Dez,2022,22,1,Quinta-Feira,2
2022-12-02,2022-12-01,12,Dezembro,Dez,2022,22,2,Sexta-Feira,2
2022-12-03,2022-12-01,12,Dezembro,Dez,2022,22,3,Sábado,2
2022-12-04,2022-12-01,12,Dezembro,Dez,2022,22,4,Domingo,2
2022-12-05,2022-12-01,12,Dezembro,Dez,2022,22,5,Segunda-Feira,2
2022-12-06,2022-12-01,12,Dezembro,Dez,2022,22,6,Terça-Feira,2
2022-12-07,2022-12-01,12,Dezembro,Dez,2022,22,7,Quarta-Feira,2
2022-12-08,2022-12-01,12,Dezembro,Dez,2022,22,8,Quinta-Feira,2
2022-12-09,2022-12-01,12,Dezembro,Dez,2022,22,9,Sexta-Feira,2
2022-12-10,2022-12-01,12,Dezembro,Dez,2022,22,10,Sábado,2
2022-12-11,2022-12-01,12,Dezembro,Dez,2022,22,11,Domingo,2
2022-12-12,2022-12-01,12,Dezembro,Dez,2022,22,12,Segunda-Feira,2
2022-12-13,2022-12-01,12,Dezembro,Dez,2022,22,13,Terça-Feira,2
2022-12-14,2022-12-01,12,Dezembro,Dez,2022,22,14,Quarta-Feira,2
2022-12-15,2022-12-01,12,Dezembro,Dez,2022,22,15,Quinta-Feira,2
2022-12-16,2022-12-01,12,Dezembro,Dez,2022,22,16,Sexta-Feira,2
2022-12-17,2022-12-01,12,Dezembro,Dez,2022,22,17,Sábado,2
2022-12-18,2022-12-01,12,Dezembro,Dez,2022,22,18,Domingo,2
2022-12-19,2022-12-01,12,Dezembro,Dez,2022,22,19,Segunda-Feira,2
2022-12-20,2022-12-01,12,Dezembro,Dez,2022,22,20,Terça-Feira,2
2022-12-21,2022-12-01,12,Dezembro,Dez,2022,22,21,Quarta-Feira,2
2022-12-22,2022-12-01,12,Dezembro,Dez,2022,22,22,Quinta-Feira,2
2022-12-23,2022-12-01,12,Dezembro,Dez,2022,22,23,Sexta-Feira,2
2022-12-24,2022-12-01,12,Dezembro,Dez,2022,22,24,Sábado,2
2022-12-25,2022-12-01,12,Dezembro,Dez,2022,22,25,Domingo,2
2022-12-26,2022-12-01,12,Dezembro,Dez,2022,22,26,Segunda-Feira,2
2022-12-27,2022-12-01,12,Dezembro,Dez,2022,22,27,Terça-Feira,2
2022-12-28,2022-12-01,12,Dezembro,Dez,2022,22,28,Quarta-Feira,2
2022-12-29,2022-12-01,12,Dezembro,Dez,2022,22,29,Quinta-Feira,2
2022-12-30,2022-12-01,12,Dezembro,Dez,2022,22,30,Sexta-Feira,2
2022-12-31,2022-12-01,12,Dezembro,Dez,2022,22,31,Sábado,2
2023-12-01,2023-12-01,12,Dezembro,Dez,2023,23,1,Sexta-Feira,2
2023-12-02,2023-12-01,12,Dezembro,Dez,2023,23,2,Sábado,2
2023-12-03,2023-12-01,12,Dezembro,Dez,2023,23,3,Domingo,2
2023-12-04,2023-12-01,12,Dezembro,Dez,2023,23,4,Segunda-Feira,2
2023-12-05,2023-12-01,12,Dezembro,Dez,2023,23,5,Terça-Feira,2
2023-12-06,2023-12-01,12,Dezembro,Dez,2023,23,6,Quarta-Feira,2
2023-12-07,2023-12-01,12,Dezembro,Dez,2023,23,7,Quinta-Feira,2
2023-12-08,2023-12-01,12,Dezembro,Dez,2023,23,8,Sexta-Feira,2
2023-12-09,2023-12-01,12,Dezembro,Dez,2023,23,9,Sábado,2
2023-12-10,2023-12-01,12,Dezembro,Dez,2023,23,10,Domingo,2
2023-12-11,2023-12-01,12,Dezembro,Dez,2023,23,11,Segunda-Feira,2
2023-12-12,2023-12-01,12,Dezembro,Dez,2023,23,12,Terça-Feira,2
2023-12-13,2023-12-01,12,Dezembro,Dez,2023,23,13,Quarta-Feira,2
2023-12-14,2023-12-01,12,Dezembro,Dez,2023,23,14,Quinta-Feira,2
2023-12-15,2023-12-01,12,Dezembro,Dez,2023,23,15,Sexta-Feira,2
2023-12-16,2023-12-01,12,Dezembro,Dez,2023,23,16,Sábado,2
2023-12-17,2023-12-01,12,Dezembro,Dez,2023,23,17,Domingo,2
2023-12-18,2023-12-01,12,Dezembro,Dez,2023,23,18,Segunda-Feira,2
2023-12-19,2023-12-01,12,Dezembro,Dez,2023,23,19,Terça-Feira,2
2023-12-20,2023-12-01,12,Dezembro,Dez,2023,23,20,Quarta-Feira,2
2023-12-21,2023-12-01,12,Dezembro,Dez,2023,23,21,Quinta-Feira,2
2023-12-22,2023-12-01,12,Dezembro,Dez,2023,23,22,Sexta-Feira,2
2023-12-23,2023-12-01,12,Dezembro,Dez,2023,23,23,Sábado,2
2023-12-24,2023-12-01,12,Dezembro,Dez,2023,23,24,Domingo,2
2023-12-25,2023-12-01,12,Dezembro,Dez,2023,23,25,Segunda-Feira,2
2023-12-26,2023-12-01,12,Dezembro,Dez,2023,23,26,Terça-Feira,2
2023-12-27,2023-12-01,12,Dezembro,Dez,2023,23,27,Quarta-Feira,2
2023-12-28,2023-12-01,12,Dezembro,Dez,2023,23,28,Quinta-Feira,2
2023-12-29,2023-12-01,12,Dezembro,Dez,2023,23,29,Sexta-Feira,2
2023-12-30,2023-12-01,12,Dezembro,Dez,2023,23,30,Sábado,2
2023-12-31,2023-12-01,12,Dezembro,Dez,2023,23,31,Domingo,2
2024-12-01,2024-12-01,12,Dezembro,Dez,2024,24,1,Domingo,2
2024-12-02,2024-12-01,12,Dezembro,Dez,2024,24,2,Segunda-Feira,2
2024-12-03,2024-12-01,12,Dezembro,Dez,2024,24,3,Terça-Feira,2
2024-12-04,2024-12-01,12,Dezembro,Dez,2024,24,4,Quarta-Feira,2
2024-12-05,2024-12-01,12,Dezembro,Dez,2024,24,5,Quinta-Feira,2
2024-12-06,2024-12-01,12,Dezembro,Dez,2024,24,6,Sexta-Feira,2
2024-12-07,2024-12-01,12,Dezembro,Dez,2024,24,7,Sábado,2
2024-12-08,2024-12-01,12,Dezembro,Dez,2024,24,8,Domingo,2
2024-12-09,2024-12-01,12,Dezembro,Dez,2024,24,9,Segunda-Feira,2
2024-12-10,2024-12-01,12,Dezembro,Dez,2024,24,10,Terça-Feira,2
2024-12-11,2024-12-01,12,Dezembro,Dez,2024,24,11,Quarta-Feira,2
2024-12-12,2024-12-01,12,Dezembro,Dez,2024,24,12,Quinta-Feira,2
2024-12-13,2024-12-01,12,Dezembro,Dez,2024,24,13,Sexta-Feira,2
2024-12-14,2024-12-01,12,Dezembro,Dez,2024,24,14,Sábado,2
2024-12-15,2024-12-01,12,Dezembro,Dez,2024,24,15,Domingo,2
2024-12-16,2024-12-01,12,Dezembro,Dez,2024,24,16,Segunda-Feira,2
2024-12-17,2024-12-01,12,Dezembro,Dez,2024,24,17,Terça-Feira,2
2024-12-18,2024-12-01,12,Dezembro,Dez,2024,24,18,Quarta-Feira,2
2024-12-19,2024-12-01,12,Dezembro,Dez,2024,24,19,Quinta-Feira,2
2024-12-20,2024-12-01,12,Dezembro,Dez,2024,24,20,Sexta-Feira,2
2024-12-21,2024-12-01,12,Dezembro,Dez,2024,24,21,Sábado,2
2024-12-22,2024-12-01,12,Dezembro,Dez,2024,24,22,Domingo,2
2024-12-23,2024-12-01,12,Dezembro,Dez,2024,24,23,Segunda-Feira,2
2024-12-24,2024-12-01,12,Dezembro,Dez,2024,24,24,Terça-Feira,2
2024-12-25,2024-12-01,12,Dezembro,Dez,2024,24,25,Quarta-Feira,2
2024-12-26,2024-12-01,12,Dezembro,Dez,2024,24,26,Quinta-Feira,2
2024-12-27,2024-12-01,12,Dezembro,Dez,2024,24,27,Sexta-Feira,2
2024-12-28,2024-12-01,12,Dezembro,Dez,2024,24,28,Sábado,2
2024-12-29,2024-12-01,12,Dezembro,Dez,2024,24,29,Domingo,2
2024-12-30,2024-12-01,12,Dezembro,Dez,2024,24,30,Segunda-Feira,2
2024-12-31,2024-12-01,12,Dezembro,Dez,2024,24,31,Terça-Feira,2
2022-09-01,2022-09-01,9,Setembro,Set,2022,22,1,Quinta-Feira,2
2022-09-02,2022-09-01,9,Setembro,Set,2022,22,2,Sexta-Feira,2
2022-09-03,2022-09-01,9,Setembro,Set,2022,22,3,Sábado,2
2022-09-04,2022-09-01,9,Setembro,Set,2022,22,4,Domingo,2
2022-09-05,2022-09-01,9,Setembro,Set,2022,22,5,Segunda-Feira,2
2022-09-06,2022-09-01,9,Setembro,Set,2022,22,6,Terça-Feira,2
2022-09-07,2022-09-01,9,Setembro,Set,2022,22,7,Quarta-Feira,2
2022-09-08,2022-09-01,9,Setembro,Set,2022,22,8,Quinta-Feira,2
2022-09-09,2022-09-01,9,Setembro,Set,2022,22,9,Sexta-Feira,2
2022-09-10,2022-09-01,9,Setembro,Set,2022,22,10,Sábado,2
2022-09-11,2022-09-01,9,Setembro,Set,2022,22,11,Domingo,2
2022-09-12,2022-09-01,9,Setembro,Set,2022,22,12,Segunda-Feira,2
2022-09-13,2022-09-01,9,Setembro,Set,2022,22,13,Terça-Feira,2
2022-09-14,2022-09-01,9,Setembro,Set,2022,22,14,Quarta-Feira,2
2022-09-15,2022-09-01,9,Setembro,Set,2022,22,15,Quinta-Feira,2
2022-09-16,2022-09-01,9,Setembro,Set,2022,22,16,Sexta-Feira,2
2022-09-17,2022-09-01,9,Setembro,Set,2022,22,17,Sábado,2
2022-09-18,2022-09-01,9,Setembro,Set,2022,22,18,Domingo,2
2022-09-19,2022-09-01,9,Setembro,Set,2022,22,19,Segunda-Feira,2
2022-09-20,2022-09-01,9,Setembro,Set,2022,22,20,Terça-Feira,2
2022-09-21,2022-09-01,9,Setembro,Set,2022,22,21,Quarta-Feira,2
2022-09-22,2022-09-01,9,Setembro,Set,2022,22,22,Quinta-Feira,2
2022-09-23,2022-09-01,9,Setembro,Set,2022,22,23,Sexta-Feira,2
2022-09-24,2022-09-01,9,Setembro,Set,2022,22,24,Sábado,2
2022-09-25,2022-09-01,9,Setembro,Set,2022,22,25,Domingo,2
2022-09-26,2022-09-01,9,Setembro,Set,2022,22,26,Segunda-Feira,2
2022-09-27,2022-09-01,9,Setembro,Set,2022,22,27,Terça-Feira,2
2022-09-28,2022-09-01,9,Setembro,Set,2022,22,28,Quarta-Feira,2
2022-09-29,2022-09-01,9,Setembro,Set,2022,22,29,Quinta-Feira,2
2022-09-30,2022-09-01,9,Setembro,Set,2022,22,30,Sexta-Feira,2
2023-09-01,2023-09-01,9,Setembro,Set,2023,23,1,Sexta-Feira,2
2023-09-02,2023-09-01,9,Setembro,Set,2023,23,2,Sábado,2
2023-09-03,2023-09-01,9,Setembro,Set,2023,23,3,Domingo,2
2023-09-04,2023-09-01,9,Setembro,Set,2023,23,4,Segunda-Feira,2
2023-09-05,2023-09-01,9,Setembro,Set,2023,23,5,Terça-Feira,2
2023-09-06,2023-09-01,9,Setembro,Set,2023,23,6,Quarta-Feira,2
2023-09-07,2023-09-01,9,Setembro,Set,2023,23,7,Quinta-Feira,2
2023-09-08,2023-09-01,9,Setembro,Set,2023,23,8,Sexta-Feira,2
2023-09-09,2023-09-01,9,Setembro,Set,2023,23,9,Sábado,2
2023-09-10,2023-09-01,9,Setembro,Set,2023,23,10,Domingo,2
2023-09-11,2023-09-01,9,Setembro,Set,2023,23,11,Segunda-Feira,2
2023-09-12,2023-09-01,9,Setembro,Set,2023,23,12,Terça-Feira,2
2023-09-13,2023-09-01,9,Setembro,Set,2023,23,13,Quarta-Feira,2
2023-09-14,2023-09-01,9,Setembro,Set,2023,23,14,Quinta-Feira,2
2023-09-15,2023-09-01,9,Setembro,Set,2023,23,15,Sexta-Feira,2
2023-09-16,2023-09-01,9,Setembro,Set,2023,23,16,Sábado,2
2023-09-17,2023-09-01,9,Setembro,Set,2023,23,17,Domingo,2
2023-09-18,2023-09-01,9,Setembro,Set,2023,23,18,Segunda-Feira,2
2023-09-19,2023-09-01,9,Setembro,Set,2023,23,19,Terça-Feira,2
2023-09-20,2023-09-01,9,Setembro,Set,2023,23,20,Quarta-Feira,2
2023-09-21,2023-09-01,9,Setembro,Set,2023,23,21,Quinta-Feira,2
2023-09-22,2023-09-01,9,Setembro,Set,2023,23,22,Sexta-Feira,2
2023-09-23,2023-09-01,9,Setembro,Set,2023,23,23,Sábado,2
2023-09-24,2023-09-01,9,Setembro,Set,2023,23,24,Domingo,2
2023-09-25,2023-09-01,9,Setembro,Set,2023,23,25,Segunda-Feira,2
2023-09-26,2023-09-01,9,Setembro,Set,2023,23,26,Terça-Feira,2
2023-09-27,2023-09-01,9,Setembro,Set,2023,23,27,Quarta-Feira,2
2023-09-28,2023-09-01,9,Setembro,Set,2023,23,28,Quinta-Feira,2
2023-09-29,2023-09-01,9,Setembro,Set,2023,23,29,Sexta-Feira,2
2023-09-30,2023-09-01,9,Setembro,Set,2023,23,30,Sábado,2
2024-09-01,2024-09-01,9,Setembro,Set,2024,24,1,Domingo,2
2024-09-02,2024-09-01,9,Setembro,Set,2024,24,2,Segunda-Feira,2
2024-09-03,2024-09-01,9,Setembro,Set,2024,24,3,Terça-Feira,2
2024-09-04,2024-09-01,9,Setembro,Set,2024,24,4,Quarta-Feira,2
2024-09-05,2024-09-01,9,Setembro,Set,2024,24,5,Quinta-Feira,2
2024-09-06,2024-09-01,9,Setembro,Set,2024,24,6,Sexta-Feira,2
2024-09-07,2024-09-01,9,Setembro,Set,2024,24,7,Sábado,2
2024-09-08,2024-09-01,9,Setembro,Set,2024,24,8,Domingo,2
2024-09-09,2024-09-01,9,Setembro,Set,2024,24,9,Segunda-Feira,2
2024-09-10,2024-09-01,9,Setembro,Set,2024,24,10,Terça-Feira,2
2024-09-11,2024-09-01,9,Setembro,Set,2024,24,11,Quarta-Feira,2
2024-09-12,2024-09-01,9,Setembro,Set,2024,24,12,Quinta-Feira,2
2024-09-13,2024-09-01,9,Setembro,Set,2024,24,13,Sexta-Feira,2
2024-09-14,2024-09-01,9,Setembro,Set,2024,24,14,Sábado,2
2024-09-15,2024-09-01,9,Setembro,Set,2024,24,15,Domingo,2
2024-09-16,2024-09-01,9,Setembro,Set,2024,24,16,Segunda-Feira,2
2024-09-17,2024-09-01,9,Setembro,Set,2024,24,17,Terça-Feira,2
2024-09-18,2024-09-01,9,Setembro,Set,2024,24,18,Quarta-Feira,2
2024-09-19,2024-09-01,9,Setembro,Set,2024,24,19,Quinta-Feira,2
2024-09-20,2024-09-01,9,Setembro,Set,2024,24,20,Sexta-Feira,2
2024-09-21,2024-09-01,9,Setembro,Set,2024,24,21,Sábado,2
2024-09-22,2024-09-01,9,Setembro,Set,2024,24,22,Domingo,2
2024-09-23,2024-09-01,9,Setembro,Set,2024,24,23,Segunda-Feira,2
2024-09-24,2024-09-01,9,Setembro,Set,2024,24,24,Terça-Feira,2
2024-09-25,2024-09-01,9,Setembro,Set,2024,24,25,Quarta-Feira,2
2024-09-26,2024-09-01,9,Setembro,Set,2024,24,26,Quinta-Feira,2
2024-09-27,2024-09-01,9,Setembro,Set,2024,24,27,Sexta-Feira,2
2024-09-28,2024-09-01,9,Setembro,Set,2024,24,28,Sábado,2
2024-09-29,2024-09-01,9,Setembro,Set,2024,24,29,Domingo,2
2024-09-30,2024-09-01,9,Setembro,Set,2024,24,30,Segunda-Feira,2
2022-11-01,2022-11-01,11,Novembro,Nov,2022,22,1,Terça-Feira,2
2022-11-02,2022-11-01,11,Novembro,Nov,2022,22,2,Quarta-Feira,2
2022-11-03,2022-11-01,11,Novembro,Nov,2022,22,3,Quinta-Feira,2
2022-11-04,2022-11-01,11,Novembro,Nov,2022,22,4,Sexta-Feira,2
2022-11-05,2022-11-01,11,Novembro,Nov,2022,22,5,Sábado,2
2022-11-06,2022-11-01,11,Novembro,Nov,2022,22,6,Domingo,2
2022-11-07,2022-11-01,11,Novembro,Nov,2022,22,7,Segunda-Feira,2
2022-11-08,2022-11-01,11,Novembro,Nov,2022,22,8,Terça-Feira,2
2022-11-09,2022-11-01,11,Novembro,Nov,2022,22,9,Quarta-Feira,2
2022-11-10,2022-11-01,11,Novembro,Nov,2022,22,10,Quinta-Feira,2
2022-11-11,2022-11-01,11,Novembro,Nov,2022,22,11,Sexta-Feira,2
2022-11-12,2022-11-01,11,Novembro,Nov,2022,22,12,Sábado,2
2022-11-13,2022-11-01,11,Novembro,Nov,2022,22,13,Domingo,2
2022-11-14,2022-11-01,11,Novembro,Nov,2022,22,14,Segunda-Feira,2
2022-11-15,2022-11-01,11,Novembro,Nov,2022,22,15,Terça-Feira,2
2022-11-16,2022-11-01,11,Novembro,Nov,2022,22,16,Quarta-Feira,2
2022-11-17,2022-11-01,11,Novembro,Nov,2022,22,17,Quinta-Feira,2
2022-11-18,2022-11-01,11,Novembro,Nov,2022,22,18,Sexta-Feira,2
2022-11-19,2022-11-01,11,Novembro,Nov,2022,22,19,Sábado,2
2022-11-20,2022-11-01,11,Novembro,Nov,2022,22,20,Domingo,2
2022-11-21,2022-11-01,11,Novembro,Nov,2022,22,21,Segunda-Feira,2
2022-11-22,2022-11-01,11,Novembro,Nov,2022,22,22,Terça-Feira,2
2022-11-23,2022-11-01,11,Novembro,Nov,2022,22,23,Quarta-Feira,2
2022-11-24,2022-11-01,11,Novembro,Nov,2022,22,24,Quinta-Feira,2
2022-11-25,2022-11-01,11,Novembro,Nov,2022,22,25,Sexta-Feira,2
2022-11-26,2022-11-01,11,Novembro,Nov,2022,22,26,Sábado,2
2022-11-27,2022-11-01,11,Novembro,Nov,2022,22,27,Domingo,2
2022-11-28,2022-11-01,11,Novembro,Nov,2022,22,28,Segunda-Feira,2
2022-11-29,2022-11-01,11,Novembro,Nov,2022,22,29,Terça-Feira,2
2022-11-30,2022-11-01,11,Novembro,Nov,2022,22,30,Quarta-Feira,2
2023-11-01,2023-11-01,11,Novembro,Nov,2023,23,1,Quarta-Feira,2
2023-11-02,2023-11-01,11,Novembro,Nov,2023,23,2,Quinta-Feira,2
2023-11-03,2023-11-01,11,Novembro,Nov,2023,23,3,Sexta-Feira,2
2023-11-04,2023-11-01,11,Novembro,Nov,2023,23,4,Sábado,2
2023-11-05,2023-11-01,11,Novembro,Nov,2023,23,5,Domingo,2
2023-11-06,2023-11-01,11,Novembro,Nov,2023,23,6,Segunda-Feira,2
2023-11-07,2023-11-01,11,Novembro,Nov,2023,23,7,Terça-Feira,2
2023-11-08,2023-11-01,11,Novembro,Nov,2023,23,8,Quarta-Feira,2
2023-11-09,2023-11-01,11,Novembro,Nov,2023,23,9,Quinta-Feira,2
2023-11-10,2023-11-01,11,Novembro,Nov,2023,23,10,Sexta-Feira,2
2023-11-11,2023-11-01,11,Novembro,Nov,2023,23,11,Sábado,2
2023-11-12,2023-11-01,11,Novembro,Nov,2023,23,12,Domingo,2
2023-11-13,2023-11-01,11,Novembro,Nov,2023,23,13,Segunda-Feira,2
2023-11-14,2023-11-01,11,Novembro,Nov,2023,23,14,Terça-Feira,2
2023-11-15,2023-11-01,11,Novembro,Nov,2023,23,15,Quarta-Feira,2
2023-11-16,2023-11-01,11,Novembro,Nov,2023,23,16,Quinta-Feira,2
2023-11-17,2023-11-01,11,Novembro,Nov,2023,23,17,Sexta-Feira,2
2023-11-18,2023-11-01,11,Novembro,Nov,2023,23,18,Sábado,2
2023-11-19,2023-11-01,11,Novembro,Nov,2023,23,19,Domingo,2
2023-11-20,2023-11-01,11,Novembro,Nov,2023,23,20,Segunda-Feira,2
2023-11-21,2023-11-01,11,Novembro,Nov,2023,23,21,Terça-Feira,2
2023-11-22,2023-11-01,11,Novembro,Nov,2023,23,22,Quarta-Feira,2
2023-11-23,2023-11-01,11,Novembro,Nov,2023,23,23,Quinta-Feira,2
2023-11-24,2023-11-01,11,Novembro,Nov,2023,23,24,Sexta-Feira,2
2023-11-25,2023-11-01,11,Novembro,Nov,2023,23,25,Sábado,2
2023-11-26,2023-11-01,11,Novembro,Nov,2023,23,26,Domingo,2
2023-11-27,2023-11-01,11,Novembro,Nov,2023,23,27,Segunda-Feira,2
2023-11-28,2023-11-01,11,Novembro,Nov,2023,23,28,Terça-Feira,2
2023-11-29,2023-11-01,11,Novembro,Nov,2023,23,29,Quarta-Feira,2
2023-11-30,2023-11-01,11,Novembro,Nov,2023,23,30,Quinta-Feira,2
2024-11-01,2024-11-01,11,Novembro,Nov,2024,24,1,Sexta-Feira,2
2024-11-02,2024-11-01,11,Novembro,Nov,2024,24,2,Sábado,2
2024-11-03,2024-11-01,11,Novembro,Nov,2024,24,3,Domingo,2
2024-11-04,2024-11-01,11,Novembro,Nov,2024,24,4,Segunda-Feira,2
2024-11-05,2024-11-01,11,Novembro,Nov,2024,24,5,Terça-Feira,2
2024-11-06,2024-11-01,11,Novembro,Nov,2024,24,6,Quarta-Feira,2
2024-11-07,2024-11-01,11,Novembro,Nov,2024,24,7,Quinta-Feira,2
2024-11-08,2024-11-01,11,Novembro,Nov,2024,24,8,Sexta-Feira,2
2024-11-09,2024-11-01,11,Novembro,Nov,2024,24,9,Sábado,2
2024-11-10,2024-11-01,11,Novembro,Nov,2024,24,10,Domingo,2
2024-11-11,2024-11-01,11,Novembro,Nov,2024,24,11,Segunda-Feira,2
2024-11-12,2024-11-01,11,Novembro,Nov,2024,24,12,Terça-Feira,2
2024-11-13,2024-11-01,11,Novembro,Nov,2024,24,13,Quarta-Feira,2
2024-11-14,2024-11-01,11,Novembro,Nov,2024,24,14,Quinta-Feira,2
2024-11-15,2024-11-01,11,Novembro,Nov,2024,24,15,Sexta-Feira,2
2024-11-16,2024-11-01,11,Novembro,Nov,2024,24,16,Sábado,2
2024-11-17,2024-11-01,11,Novembro,Nov,2024,24,17,Domingo,2
2024-11-18,2024-11-01,11,Novembro,Nov,2024,24,18,Segunda-Feira,2
2024-11-19,2024-11-01,11,Novembro,Nov,2024,24,19,Terça-Feira,2
2024-11-20,2024-11-01,11,Novembro,Nov,2024,24,20,Quarta-Feira,2
2024-11-21,2024-11-01,11,Novembro,Nov,2024,24,21,Quinta-Feira,2
2024-11-22,2024-11-01,11,Novembro,Nov,2024,24,22,Sexta-Feira,2
2024-11-23,2024-11-01,11,Novembro,Nov,2024,24,23,Sábado,2
2024-11-24,2024-11-01,11,Novembro,Nov,2024,24,24,Domingo,2
2024-11-25,2024-11-01,11,Novembro,Nov,2024,24,25,Segunda-Feira,2
2024-11-26,2024-11-01,11,Novembro,Nov,2024,24,26,Terça-Feira,2
2024-11-27,2024-11-01,11,Novembro,Nov,2024,24,27,Quarta-Feira,2
2024-11-28,2024-11-01,11,Novembro,Nov,2024,24,28,Quinta-Feira,2
2024-11-29,2024-11-01,11,Novembro,Nov,2024,24,29,Sexta-Feira,2
2024-11-30,2024-11-01,11,Novembro,Nov,2024,24,30,Sábado,2
2022-02-01,2022-02-01,2,Fevereiro,Fev,2022,22,1,Terça-Feira,1
2022-02-02,2022-02-01,2,Fevereiro,Fev,2022,22,2,Quarta-Feira,1
2022-02-03,2022-02-01,2,Fevereiro,Fev,2022,22,3,Quinta-Feira,1
2022-02-04,2022-02-01,2,Fevereiro,Fev,2022,22,4,Sexta-Feira,1
2022-02-05,2022-02-01,2,Fevereiro,Fev,2022,22,5,Sábado,1
2022-02-06,2022-02-01,2,Fevereiro,Fev,2022,22,6,Domingo,1
2022-02-07,2022-02-01,2,Fevereiro,Fev,2022,22,7,Segunda-Feira,1
2022-02-08,2022-02-01,2,Fevereiro,Fev,2022,22,8,Terça-Feira,1
2022-02-09,2022-02-01,2,Fevereiro,Fev,2022,22,9,Quarta-Feira,1
2022-02-10,2022-02-01,2,Fevereiro,Fev,2022,22,10,Quinta-Feira,1
2022-02-11,2022-02-01,2,Fevereiro,Fev,2022,22,11,Sexta-Feira,1
2022-02-12,2022-02-01,2,Fevereiro,Fev,2022,22,12,Sábado,1
2022-02-13,2022-02-01,2,Fevereiro,Fev,2022,22,13,Domingo,1
2022-02-14,2022-02-01,2,Fevereiro,Fev,2022,22,14,Segunda-Feira,1
2022-02-15,2022-02-01,2,Fevereiro,Fev,2022,22,15,Terça-Feira,1
2022-02-16,2022-02-01,2,Fevereiro,Fev,2022,22,16,Quarta-Feira,1
2022-02-17,2022-02-01,2,Fevereiro,Fev,2022,22,17,Quinta-Feira,1
2022-02-18,2022-02-01,2,Fevereiro,Fev,2022,22,18,Sexta-Feira,1
2022-02-19,2022-02-01,2,Fevereiro,Fev,2022,22,19,Sábado,1
2022-02-20,2022-02-01,2,Fevereiro,Fev,2022,22,20,Domingo,1
2022-02-21,2022-02-01,2,Fevereiro,Fev,2022,22,21,Segunda-Feira,1
2022-02-22,2022-02-01,2,Fevereiro,Fev,2022,22,22,Terça-Feira,1
2022-02-23,2022-02-01,2,Fevereiro,Fev,2022,22,23,Quarta-Feira,1
2022-02-24,2022-02-01,2,Fevereiro,Fev,2022,22,24,Quinta-Feira,1
2022-02-25,2022-02-01,2,Fevereiro,Fev,2022,22,25,Sexta-Feira,1
2022-02-26,2022-02-01,2,Fevereiro,Fev,2022,22,26,Sábado,1
2022-02-27,2022-02-01,2,Fevereiro,Fev,2022,22,27,Domingo,1
2022-02-28,2022-02-01,2,Fevereiro,Fev,2022,22,28,Segunda-Feira,1
2023-02-01,2023-02-01,2,Fevereiro,Fev,2023,23,1,Quarta-Feira,1
2023-02-02,2023-02-01,2,Fevereiro,Fev,2023,23,2,Quinta-Feira,1
2023-02-03,2023-02-01,2,Fevereiro,Fev,2023,23,3,Sexta-Feira,1
2023-02-04,2023-02-01,2,Fevereiro,Fev,2023,23,4,Sábado,1
2023-02-05,2023-02-01,2,Fevereiro,Fev,2023,23,5,Domingo,1
2023-02-06,2023-02-01,2,Fevereiro,Fev,2023,23,6,Segunda-Feira,1
2023-02-07,2023-02-01,2,Fevereiro,Fev,2023,23,7,Terça-Feira,1
2023-02-08,2023-02-01,2,Fevereiro,Fev,2023,23,8,Quarta-Feira,1
2023-02-09,2023-02-01,2,Fevereiro,Fev,2023,23,9,Quinta-Feira,1
2023-02-10,2023-02-01,2,Fevereiro,Fev,2023,23,10,Sexta-Feira,1
2023-02-11,2023-02-01,2,Fevereiro,Fev,2023,23,11,Sábado,1
2023-02-12,2023-02-01,2,Fevereiro,Fev,2023,23,12,Domingo,1
2023-02-13,2023-02-01,2,Fevereiro,Fev,2023,23,13,Segunda-Feira,1
2023-02-14,2023-02-01,2,Fevereiro,Fev,2023,23,14,Terça-Feira,1
2023-02-15,2023-02-01,2,Fevereiro,Fev,2023,23,15,Quarta-Feira,1
2023-02-16,2023-02-01,2,Fevereiro,Fev,2023,23,16,Quinta-Feira,1
2023-02-17,2023-02-01,2,Fevereiro,Fev,2023,23,17,Sexta-Feira,1
2023-02-18,2023-02-01,2,Fevereiro,Fev,2023,23,18,Sábado,1
2023-02-19,2023-02-01,2,Fevereiro,Fev,2023,23,19,Domingo,1
2023-02-20,2023-02-01,2,Fevereiro,Fev,2023,23,20,Segunda-Feira,1
2023-02-21,2023-02-01,2,Fevereiro,Fev,2023,23,21,Terça-Feira,1
2023-02-22,2023-02-01,2,Fevereiro,Fev,2023,23,22,Quarta-Feira,1
2023-02-23,2023-02-01,2,Fevereiro,Fev,2023,23,23,Quinta-Feira,1
2023-02-24,2023-02-01,2,Fevereiro,Fev,2023,23,24,Sexta-Feira,1
2023-02-25,2023-02-01,2,Fevereiro,Fev,2023,23,25,Sábado,1
2023-02-26,2023-02-01,2,Fevereiro,Fev,2023,23,26,Domingo,1
2023-02-27,2023-02-01,2,Fevereiro,Fev,2023,23,27,Segunda-Feira,1
2023-02-28,2023-02-01,2,Fevereiro,Fev,2023,23,28,Terça-Feira,1
2024-02-01,2024-02-01,2,Fevereiro,Fev,2024,24,1,Quinta-Feira,1
2024-02-02,2024-02-01,2,Fevereiro,Fev,2024,24,2,Sexta-Feira,1
2024-02-03,2024-02-01,2,Fevereiro,Fev,2024,24,3,Sábado,1
2024-02-04,2024-02-01,2,Fevereiro,Fev,2024,24,4,Domingo,1
2024-02-05,2024-02-01,2,Fevereiro,Fev,2024,24,5,Segunda-Feira,1
2024-02-06,2024-02-01,2,Fevereiro,Fev,2024,24,6,Terça-Feira,1
2024-02-07,2024-02-01,2,Fevereiro,Fev,2024,24,7,Quarta-Feira,1
2024-02-08,2024-02-01,2,Fevereiro,Fev,2024,24,8,Quinta-Feira,1
2024-02-09,2024-02-01,2,Fevereiro,Fev,2024,24,9,Sexta-Feira,1
2024-02-10,2024-02-01,2,Fevereiro,Fev,2024,24,10,Sábado,1
2024-02-11,2024-02-01,2,Fevereiro,Fev,2024,24,11,Domingo,1
2024-02-12,2024-02-01,2,Fevereiro,Fev,2024,24,12,Segunda-Feira,1
2024-02-13,2024-02-01,2,Fevereiro,Fev,2024,24,13,Terça-Feira,1
2024-02-14,2024-02-01,2,Fevereiro,Fev,2024,24,14,Quarta-Feira,1
2024-02-15,2024-02-01,2,Fevereiro,Fev,2024,24,15,Quinta-Feira,1
2024-02-16,2024-02-01,2,Fevereiro,Fev,2024,24,16,Sexta-Feira,1
2024-02-17,2024-02-01,2,Fevereiro,Fev,2024,24,17,Sábado,1
2024-02-18,2024-02-01,2,Fevereiro,Fev,2024,24,18,Domingo,1
2024-02-19,2024-02-01,2,Fevereiro,Fev,2024,24,19,Segunda-Feira,1
2024-02-20,2024-02-01,2,Fevereiro,Fev,2024,24,20,Terça-Feira,1
2024-02-21,2024-02-01,2,Fevereiro,Fev,2024,24,21,Quarta-Feira,1
2024-02-22,2024-02-01,2,Fevereiro,Fev,2024,24,22,Quinta-Feira,1
2024-02-23,2024-02-01,2,Fevereiro,Fev,2024,24,23,Sexta-Feira,1
2024-02-24,2024-02-01,2,Fevereiro,Fev,2024,24,24,Sábado,1
2024-02-25,2024-02-01,2,Fevereiro,Fev,2024,24,25,Domingo,1
2024-02-26,2024-02-01,2,Fevereiro,Fev,2024,24,26,Segunda-Feira,1
2024-02-27,2024-02-01,2,Fevereiro,Fev,2024,24,27,Terça-Feira,1
2024-02-28,2024-02-01,2,Fevereiro,Fev,2024,24,28,Quarta-Feira,1
2024-02-29,2024-02-01,2,Fevereiro,Fev,2024,24,29,Quinta-Feira,1
2022-06-01,2022-06-01,6,Junho,Jun,2022,22,1,Quarta-Feira,1
2022-06-02,2022-06-01,6,Junho,Jun,2022,22,2,Quinta-Feira,1
2022-06-03,2022-06-01,6,Junho,Jun,2022,22,3,Sexta-Feira,1
2022-06-04,2022-06-01,6,Junho,Jun,2022,22,4,Sábado,1
2022-06-05,2022-06-01,6,Junho,Jun,2022,22,5,Domingo,1
2022-06-06,2022-06-01,6,Junho,Jun,2022,22,6,Segunda-Feira,1
2022-06-07,2022-06-01,6,Junho,Jun,2022,22,7,Terça-Feira,1
2022-06-08,2022-06-01,6,Junho,Jun,2022,22,8,Quarta-Feira,1
2022-06-09,2022-06-01,6,Junho,Jun,2022,22,9,Quinta-Feira,1
2022-06-10,2022-06-01,6,Junho,Jun,2022,22,10,Sexta-Feira,1
2022-06-11,2022-06-01,6,Junho,Jun,2022,22,11,Sábado,1
2022-06-12,2022-06-01,6,Junho,Jun,2022,22,12,Domingo,1
2022-06-13,2022-06-01,6,Junho,Jun,2022,22,13,Segunda-Feira,1
2022-06-14,2022-06-01,6,Junho,Jun,2022,22,14,Terça-Feira,1
2022-06-15,2022-06-01,6,Junho,Jun,2022,22,15,Quarta-Feira,1
2022-06-16,2022-06-01,6,Junho,Jun,2022,22,16,Quinta-Feira,1
2022-06-17,2022-06-01,6,Junho,Jun,2022,22,17,Sexta-Feira,1
2022-06-18,2022-06-01,6,Junho,Jun,2022,22,18,Sábado,1
2022-06-19,2022-06-01,6,Junho,Jun,2022,22,19,Domingo,1
2022-06-20,2022-06-01,6,Junho,Jun,2022,22,20,Segunda-Feira,1
2022-06-21,2022-06-01,6,Junho,Jun,2022,22,21,Terça-Feira,1
2022-06-22,2022-06-01,6,Junho,Jun,2022,22,22,Quarta-Feira,1
2022-06-23,2022-06-01,6,Junho,Jun,2022,22,23,Quinta-Feira,1
2022-06-24,2022-06-01,6,Junho,Jun,2022,22,24,Sexta-Feira,1
2022-06-25,2022-06-01,6,Junho,Jun,2022,22,25,Sábado,1
2022-06-26,2022-06-01,6,Junho,Jun,2022,22,26,Domingo,1
2022-06-27,2022-06-01,6,Junho,Jun,2022,22,27,Segunda-Feira,1
2022-06-28,2022-06-01,6,Junho,Jun,2022,22,28,Terça-Feira,1
2022-06-29,2022-06-01,6,Junho,Jun,2022,22,29,Quarta-Feira,1
2022-06-30,2022-06-01,6,Junho,Jun,2022,22,30,Quinta-Feira,1
2023-06-01,2023-06-01,6,Junho,Jun,2023,23,1,Quinta-Feira,1
2023-06-02,2023-06-01,6,Junho,Jun,2023,23,2,Sexta-Feira,1
2023-06-03,2023-06-01,6,Junho,Jun,2023,23,3,Sábado,1
2023-06-04,2023-06-01,6,Junho,Jun,2023,23,4,Domingo,1
2023-06-05,2023-06-01,6,Junho,Jun,2023,23,5,Segunda-Feira,1
2023-06-06,2023-06-01,6,Junho,Jun,2023,23,6,Terça-Feira,1
2023-06-07,2023-06-01,6,Junho,Jun,2023,23,7,Quarta-Feira,1
2023-06-08,2023-06-01,6,Junho,Jun,2023,23,8,Quinta-Feira,1
2023-06-09,2023-06-01,6,Junho,Jun,2023,23,9,Sexta-Feira,1
2023-06-10,2023-06-01,6,Junho,Jun,2023,23,10,Sábado,1
2023-06-11,2023-06-01,6,Junho,Jun,2023,23,11,Domingo,1
2023-06-12,2023-06-01,6,Junho,Jun,2023,23,12,Segunda-Feira,1
2023-06-13,2023-06-01,6,Junho,Jun,2023,23,13,Terça-Feira,1
2023-06-14,2023-06-01,6,Junho,Jun,2023,23,14,Quarta-Feira,1
2023-06-15,2023-06-01,6,Junho,Jun,2023,23,15,Quinta-Feira,1
2023-06-16,2023-06-01,6,Junho,Jun,2023,23,16,Sexta-Feira,1
2023-06-17,2023-06-01,6,Junho,Jun,2023,23,17,Sábado,1
2023-06-18,2023-06-01,6,Junho,Jun,2023,23,18,Domingo,1
2023-06-19,2023-06-01,6,Junho,Jun,2023,23,19,Segunda-Feira,1
2023-06-20,2023-06-01,6,Junho,Jun,2023,23,20,Terça-Feira,1
2023-06-21,2023-06-01,6,Junho,Jun,2023,23,21,Quarta-Feira,1
2023-06-22,2023-06-01,6,Junho,Jun,2023,23,22,Quinta-Feira,1
2023-06-23,2023-06-01,6,Junho,Jun,2023,23,23,Sexta-Feira,1
2023-06-24,2023-06-01,6,Junho,Jun,2023,23,24,Sábado,1
2023-06-25,2023-06-01,6,Junho,Jun,2023,23,25,Domingo,1
2023-06-26,2023-06-01,6,Junho,Jun,2023,23,26,Segunda-Feira,1
2023-06-27,2023-06-01,6,Junho,Jun,2023,23,27,Terça-Feira,1
2023-06-28,2023-06-01,6,Junho,Jun,2023,23,28,Quarta-Feira,1
2023-06-29,2023-06-01,6,Junho,Jun,2023,23,29,Quinta-Feira,1
2023-06-30,2023-06-01,6,Junho,Jun,2023,23,30,Sexta-Feira,1
2024-06-01,2024-06-01,6,Junho,Jun,2024,24,1,Sábado,1
2024-06-02,2024-06-01,6,Junho,Jun,2024,24,2,Domingo,1
2024-06-03,2024-06-01,6,Junho,Jun,2024,24,3,Segunda-Feira,1
2024-06-04,2024-06-01,6,Junho,Jun,2024,24,4,Terça-Feira,1
2024-06-05,2024-06-01,6,Junho,Jun,2024,24,5,Quarta-Feira,1
2024-06-06,2024-06-01,6,Junho,Jun,2024,24,6,Quinta-Feira,1
2024-06-07,2024-06-01,6,Junho,Jun,2024,24,7,Sexta-Feira,1
2024-06-08,2024-06-01,6,Junho,Jun,2024,24,8,Sábado,1
2024-06-09,2024-06-01,6,Junho,Jun,2024,24,9,Domingo,1
2024-06-10,2024-06-01,6,Junho,Jun,2024,24,10,Segunda-Feira,1
2024-06-11,2024-06-01,6,Junho,Jun,2024,24,11,Terça-Feira,1
2024-06-12,2024-06-01,6,Junho,Jun,2024,24,12,Quarta-Feira,1
2024-06-13,2024-06-01,6,Junho,Jun,2024,24,13,Quinta-Feira,1
2024-06-14,2024-06-01,6,Junho,Jun,2024,24,14,Sexta-Feira,1
2024-06-15,2024-06-01,6,Junho,Jun,2024,24,15,Sábado,1
2024-06-16,2024-06-01,6,Junho,Jun,2024,24,16,Domingo,1
2024-06-17,2024-06-01,6,Junho,Jun,2024,24,17,Segunda-Feira,1
2024-06-18,2024-06-01,6,Junho,Jun,2024,24,18,Terça-Feira,1
2024-06-19,2024-06-01,6,Junho,Jun,2024,24,19,Quarta-Feira,1
2024-06-20,2024-06-01,6,Junho,Jun,2024,24,20,Quinta-Feira,1
2024-06-21,2024-06-01,6,Junho,Jun,2024,24,21,Sexta-Feira,1
2024-06-22,2024-06-01,6,Junho,Jun,2024,24,22,Sábado,1
2024-06-23,2024-06-01,6,Junho,Jun,2024,24,23,Domingo,1
2024-06-24,2024-06-01,6,Junho,Jun,2024,24,24,Segunda-Feira,1
2024-06-25,2024-06-01,6,Junho,Jun,2024,24,25,Terça-Feira,1
2024-06-26,2024-06-01,6,Junho,Jun,2024,24,26,Quarta-Feira,1
2024-06-27,2024-06-01,6,Junho,Jun,2024,24,27,Quinta-Feira,1
2024-06-28,2024-06-01,6,Junho,Jun,2024,24,28,Sexta-Feira,1
2024-06-29,2024-06-01,6,Junho,Jun,2024,24,29,Sábado,1
2024-06-30,2024-06-01,6,Junho,Jun,2024,24,30,Domingo,1
2022-04-01,2022-04-01,4,Abril,Abr,2022,22,1,Sexta-Feira,1
2022-04-02,2022-04-01,4,Abril,Abr,2022,22,2,Sábado,1
2022-04-03,2022-04-01,4,Abril,Abr,2022,22,3,Domingo,1
2022-04-04,2022-04-01,4,Abril,Abr,2022,22,4,Segunda-Feira,1
2022-04-05,2022-04-01,4,Abril,Abr,2022,22,5,Terça-Feira,1
2022-04-06,2022-04-01,4,Abril,Abr,2022,22,6,Quarta-Feira,1
2022-04-07,2022-04-01,4,Abril,Abr,2022,22,7,Quinta-Feira,1
2022-04-08,2022-04-01,4,Abril,Abr,2022,22,8,Sexta-Feira,1
2022-04-09,2022-04-01,4,Abril,Abr,2022,22,9,Sábado,1
2022-04-10,2022-04-01,4,Abril,Abr,2022,22,10,Domingo,1
2022-04-11,2022-04-01,4,Abril,Abr,2022,22,11,Segunda-Feira,1
2022-04-12,2022-04-01,4,Abril,Abr,2022,22,12,Terça-Feira,1
2022-04-13,2022-04-01,4,Abril,Abr,2022,22,13,Quarta-Feira,1
2022-04-14,2022-04-01,4,Abril,Abr,2022,22,14,Quinta-Feira,1
2022-04-15,2022-04-01,4,Abril,Abr,2022,22,15,Sexta-Feira,1
2022-04-16,2022-04-01,4,Abril,Abr,2022,22,16,Sábado,1
2022-04-17,2022-04-01,4,Abril,Abr,2022,22,17,Domingo,1
2022-04-18,2022-04-01,4,Abril,Abr,2022,22,18,Segunda-Feira,1
2022-04-19,2022-04-01,4,Abril,Abr,2022,22,19,Terça-Feira,1
2022-04-20,2022-04-01,4,Abril,Abr,2022,22,20,Quarta-Feira,1
2022-04-21,2022-04-01,4,Abril,Abr,2022,22,21,Quinta-Feira,1
2022-04-22,2022-04-01,4,Abril,Abr,2022,22,22,Sexta-Feira,1
2022-04-23,2022-04-01,4,Abril,Abr,2022,22,23,Sábado,1
2022-04-24,2022-04-01,4,Abril,Abr,2022,22,24,Domingo,1
2022-04-25,2022-04-01,4,Abril,Abr,2022,22,25,Segunda-Feira,1
2022-04-26,2022-04-01,4,Abril,Abr,2022,22,26,Terça-Feira,1
2022-04-27,2022-04-01,4,Abril,Abr,2022,22,27,Quarta-Feira,1
2022-04-28,2022-04-01,4,Abril,Abr,2022,22,28,Quinta-Feira,1
2022-04-29,2022-04-01,4,Abril,Abr,2022,22,29,Sexta-Feira,1
2022-04-30,2022-04-01,4,Abril,Abr,2022,22,30,Sábado,1
2023-04-01,2023-04-01,4,Abril,Abr,2023,23,1,Sábado,1
2023-04-02,2023-04-01,4,Abril,Abr,2023,23,2,Domingo,1
2023-04-03,2023-04-01,4,Abril,Abr,2023,23,3,Segunda-Feira,1
2023-04-04,2023-04-01,4,Abril,Abr,2023,23,4,Terça-Feira,1
2023-04-05,2023-04-01,4,Abril,Abr,2023,23,5,Quarta-Feira,1
2023-04-06,2023-04-01,4,Abril,Abr,2023,23,6,Quinta-Feira,1
2023-04-07,2023-04-01,4,Abril,Abr,2023,23,7,Sexta-Feira,1
2023-04-08,2023-04-01,4,Abril,Abr,2023,23,8,Sábado,1
2023-04-09,2023-04-01,4,Abril,Abr,2023,23,9,Domingo,1
2023-04-10,2023-04-01,4,Abril,Abr,2023,23,10,Segunda-Feira,1
2023-04-11,2023-04-01,4,Abril,Abr,2023,23,11,Terça-Feira,1
2023-04-12,2023-04-01,4,Abril,Abr,2023,23,12,Quarta-Feira,1
2023-04-13,2023-04-01,4,Abril,Abr,2023,23,13,Quinta-Feira,1
2023-04-14,2023-04-01,4,Abril,Abr,2023,23,14,Sexta-Feira,1
2023-04-15,2023-04-01,4,Abril,Abr,2023,23,15,Sábado,1
2023-04-16,2023-04-01,4,Abril,Abr,2023,23,16,Domingo,1
2023-04-17,2023-04-01,4,Abril,Abr,2023,23,17,Segunda-Feira,1
2023-04-18,2023-04-01,4,Abril,Abr,2023,23,18,Terça-Feira,1
2023-04-19,2023-04-01,4,Abril,Abr,2023,23,19,Quarta-Feira,1
2023-04-20,2023-04-01,4,Abril,Abr,2023,23,20,Quinta-Feira,1
2023-04-21,2023-04-01,4,Abril,Abr,2023,23,21,Sexta-Feira,1
2023-04-22,2023-04-01,4,Abril,Abr,2023,23,22,Sábado,1
2023-04-23,2023-04-01,4,Abril,Abr,2023,23,23,Domingo,1
2023-04-24,2023-04-01,4,Abril,Abr,2023,23,24,Segunda-Feira,1
2023-04-25,2023-04-01,4,Abril,Abr,2023,23,25,Terça-Feira,1
2023-04-26,2023-04-01,4,Abril,Abr,2023,23,26,Quarta-Feira,1
2023-04-27,2023-04-01,4,Abril,Abr,2023,23,27,Quinta-Feira,1
2023-04-28,2023-04-01,4,Abril,Abr,2023,23,28,Sexta-Feira,1
2023-04-29,2023-04-01,4,Abril,Abr,2023,23,29,Sábado,1
2023-04-30,2023-04-01,4,Abril,Abr,2023,23,30,Domingo,1
2024-04-01,2024-04-01,4,Abril,Abr,2024,24,1,Segunda-Feira,1
2024-04-02,2024-04-01,4,Abril,Abr,2024,24,2,Terça-Feira,1
2024-04-03,2024-04-01,4,Abril,Abr,2024,24,3,Quarta-Feira,1
2024-04-04,2024-04-01,4,Abril,Abr,2024,24,4,Quinta-Feira,1
2024-04-05,2024-04-01,4,Abril,Abr,2024,24,5,Sexta-Feira,1
2024-04-06,2024-04-01,4,Abril,Abr,2024,24,6,Sábado,1
2024-04-07,2024-04-01,4,Abril,Abr,2024,24,7,Domingo,1
2024-04-08,2024-04-01,4,Abril,Abr,2024,24,8,Segunda-Feira,1
2024-04-09,2024-04-01,4,Abril,Abr,2024,24,9,Terça-Feira,1
2024-04-10,2024-04-01,4,Abril,Abr,2024,24,10,Quarta-Feira,1
2024-04-11,2024-04-01,4,Abril,Abr,2024,24,11,Quinta-Feira,1
2024-04-12,2024-04-01,4,Abril,Abr,2024,24,12,Sexta-Feira,1
2024-04-13,2024-04-01,4,Abril,Abr,2024,24,13,Sábado,1
2024-04-14,2024-04-01,4,Abril,Abr,2024,24,14,Domingo,1
2024-04-15,2024-04-01,4,Abril,Abr,2024,24,15,Segunda-Feira,1
2024-04-16,2024-04-01,4,Abril,Abr,2024,24,16,Terça-Feira,1
2024-04-17,2024-04-01,4,Abril,Abr,2024,24,17,Quarta-Feira,1
2024-04-18,2024-04-01,4,Abril,Abr,2024,24,18,Quinta-Feira,1
2024-04-19,2024-04-01,4,Abril,Abr,2024,24,19,Sexta-Feira,1
2024-04-20,2024-04-01,4,Abril,Abr,2024,24,20,Sábado,1
2024-04-21,2024-04-01,4,Abril,Abr,2024,24,21,Domingo,1
2024-04-22,2024-04-01,4,Abril,Abr,2024,24,22,Segunda-Feira,1
2024-04-23,2024-04-01,4,Abril,Abr,2024,24,23,Terça-Feira,1
2024-04-24,2024-04-01,4,Abril,Abr,2024,24,24,Quarta-Feira,1
2024-04-25,2024-04-01,4,Abril,Abr,2024,24,25,Quinta-Feira,1
2024-04-26,2024-04-01,4,Abril,Abr,2024,24,26,Sexta-Feira,1
2024-04-27,2024-04-01,4,Abril,Abr,2024,24,27,Sábado,1
2024-04-28,2024-04-01,4,Abril,Abr,2024,24,28,Domingo,1
2024-04-29,2024-04-01,4,Abril,Abr,2024,24,29,Segunda-Feira,1
2024-04-30,2024-04-01,4,Abril,Abr,2024,24,30,Terça-Feira,1
2022-05-01,2022-05-01,5,Maio,Mai,2022,22,1,Domingo,1
2022-05-02,2022-05-01,5,Maio,Mai,2022,22,2,Segunda-Feira,1
2022-05-03,2022-05-01,5,Maio,Mai,2022,22,3,Terça-Feira,1
2022-05-04,2022-05-01,5,Maio,Mai,2022,22,4,Quarta-Feira,1
2022-05-05,2022-05-01,5,Maio,Mai,2022,22,5,Quinta-Feira,1
2022-05-06,2022-05-01,5,Maio,Mai,2022,22,6,Sexta-Feira,1
2022-05-07,2022-05-01,5,Maio,Mai,2022,22,7,Sábado,1
2022-05-08,2022-05-01,5,Maio,Mai,2022,22,8,Domingo,1
2022-05-09,2022-05-01,5,Maio,Mai,2022,22,9,Segunda-Feira,1
2022-05-10,2022-05-01,5,Maio,Mai,2022,22,10,Terça-Feira,1
2022-05-11,2022-05-01,5,Maio,Mai,2022,22,11,Quarta-Feira,1
2022-05-12,2022-05-01,5,Maio,Mai,2022,22,12,Quinta-Feira,1
2022-05-13,2022-05-01,5,Maio,Mai,2022,22,13,Sexta-Feira,1
2022-05-14,2022-05-01,5,Maio,Mai,2022,22,14,Sábado,1
2022-05-15,2022-05-01,5,Maio,Mai,2022,22,15,Domingo,1
2022-05-16,2022-05-01,5,Maio,Mai,2022,22,16,Segunda-Feira,1
2022-05-17,2022-05-01,5,Maio,Mai,2022,22,17,Terça-Feira,1
2022-05-18,2022-05-01,5,Maio,Mai,2022,22,18,Quarta-Feira,1
2022-05-19,2022-05-01,5,Maio,Mai,2022,22,19,Quinta-Feira,1
2022-05-20,2022-05-01,5,Maio,Mai,2022,22,20,Sexta-Feira,1
2022-05-21,2022-05-01,5,Maio,Mai,2022,22,21,Sábado,1
2022-05-22,2022-05-01,5,Maio,Mai,2022,22,22,Domingo,1
2022-05-23,2022-05-01,5,Maio,Mai,2022,22,23,Segunda-Feira,1
2022-05-24,2022-05-01,5,Maio,Mai,2022,22,24,Terça-Feira,1
2022-05-25,2022-05-01,5,Maio,Mai,2022,22,25,Quarta-Feira,1
2022-05-26,2022-05-01,5,Maio,Mai,2022,22,26,Quinta-Feira,1
2022-05-27,2022-05-01,5,Maio,Mai,2022,22,27,Sexta-Feira,1
2022-05-28,2022-05-01,5,Maio,Mai,2022,22,28,Sábado,1
2022-05-29,2022-05-01,5,Maio,Mai,2022,22,29,Domingo,1
2022-05-30,2022-05-01,5,Maio,Mai,2022,22,30,Segunda-Feira,1
2022-05-31,2022-05-01,5,Maio,Mai,2022,22,31,Terça-Feira,1
2023-05-01,2023-05-01,5,Maio,Mai,2023,23,1,Segunda-Feira,1
2023-05-02,2023-05-01,5,Maio,Mai,2023,23,2,Terça-Feira,1
2023-05-03,2023-05-01,5,Maio,Mai,2023,23,3,Quarta-Feira,1
2023-05-04,2023-05-01,5,Maio,Mai,2023,23,4,Quinta-Feira,1
2023-05-05,2023-05-01,5,Maio,Mai,2023,23,5,Sexta-Feira,1
2023-05-06,2023-05-01,5,Maio,Mai,2023,23,6,Sábado,1
2023-05-07,2023-05-01,5,Maio,Mai,2023,23,7,Domingo,1
2023-05-08,2023-05-01,5,Maio,Mai,2023,23,8,Segunda-Feira,1
2023-05-09,2023-05-01,5,Maio,Mai,2023,23,9,Terça-Feira,1
2023-05-10,2023-05-01,5,Maio,Mai,2023,23,10,Quarta-Feira,1
2023-05-11,2023-05-01,5,Maio,Mai,2023,23,11,Quinta-Feira,1
2023-05-12,2023-05-01,5,Maio,Mai,2023,23,12,Sexta-Feira,1
2023-05-13,2023-05-01,5,Maio,Mai,2023,23,13,Sábado,1
2023-05-14,2023-05-01,5,Maio,Mai,2023,23,14,Domingo,1
2023-05-15,2023-05-01,5,Maio,Mai,2023,23,15,Segunda-Feira,1
2023-05-16,2023-05-01,5,Maio,Mai,2023,23,16,Terça-Feira,1
2023-05-17,2023-05-01,5,Maio,Mai,2023,23,17,Quarta-Feira,1
2023-05-18,2023-05-01,5,Maio,Mai,2023,23,18,Quinta-Feira,1
2023-05-19,2023-05-01,5,Maio,Mai,2023,23,19,Sexta-Feira,1
2023-05-20,2023-05-01,5,Maio,Mai,2023,23,20,Sábado,1
2023-05-21,2023-05-01,5,Maio,Mai,2023,23,21,Domingo,1
2023-05-22,2023-05-01,5,Maio,Mai,2023,23,22,Segunda-Feira,1
2023-05-23,2023-05-01,5,Maio,Mai,2023,23,23,Terça-Feira,1
2023-05-24,2023-05-01,5,Maio,Mai,2023,23,24,Quarta-Feira,1
2023-05-25,2023-05-01,5,Maio,Mai,2023,23,25,Quinta-Feira,1
2023-05-26,2023-05-01,5,Maio,Mai,2023,23,26,Sexta-Feira,1
2023-05-27,2023-05-01,5,Maio,Mai,2023,23,27,Sábado,1
2023-05-28,2023-05-01,5,Maio,Mai,2023,23,28,Domingo,1
2023-05-29,2023-05-01,5,Maio,Mai,2023,23,29,Segunda-Feira,1
2023-05-30,2023-05-01,5,Maio,Mai,2023,23,30,Terça-Feira,1
2023-05-31,2023-05-01,5,Maio,Mai,2023,23,31,Quarta-Feira,1
2024-05-01,2024-05-01,5,Maio,Mai,2024,24,1,Quarta-Feira,1
2024-05-02,2024-05-01,5,Maio,Mai,2024,24,2,Quinta-Feira,1
2024-05-03,2024-05-01,5,Maio,Mai,2024,24,3,Sexta-Feira,1
2024-05-04,2024-05-01,5,Maio,Mai,2024,24,4,Sábado,1
2024-05-05,2024-05-01,5,Maio,Mai,2024,24,5,Domingo,1
2024-05-06,2024-05-01,5,Maio,Mai,2024,24,6,Segunda-Feira,1
2024-05-07,2024-05-01,5,Maio,Mai,2024,24,7,Terça-Feira,1
2024-05-08,2024-05-01,5,Maio,Mai,2024,24,8,Quarta-Feira,1
2024-05-09,2024-05-01,5,Maio,Mai,2024,24,9,Quinta-Feira,1
2024-05-10,2024-05-01,5,Maio,Mai,2024,24,10,Sexta-Feira,1
2024-05-11,2024-05-01,5,Maio,Mai,2024,24,11,Sábado,1
2024-05-12,2024-05-01,5,Maio,Mai,2024,24,12,Domingo,1
2024-05-13,2024-05-01,5,Maio,Mai,2024,24,13,Segunda-Feira,1
2024-05-14,2024-05-01,5,Maio,Mai,2024,24,14,Terça-Feira,1
2024-05-15,2024-05-01,5,Maio,Mai,2024,24,15,Quarta-Feira,1
2024-05-16,2024-05-01,5,Maio,Mai,2024,24,16,Quinta-Feira,1
2024-05-17,2024-05-01,5,Maio,Mai,2024,24,17,Sexta-Feira,1
2024-05-18,2024-05-01,5,Maio,Mai,2024,24,18,Sábado,1
2024-05-19,2024-05-01,5,Maio,Mai,2024,24,19,Domingo,1
2024-05-20,2024-05-01,5,Maio,Mai,2024,24,20,Segunda-Feira,1
2024-05-21,2024-05-01,5,Maio,Mai,2024,24,21,Terça-Feira,1
2024-05-22,2024-05-01,5,Maio,Mai,2024,24,22,Quarta-Feira,1
2024-05-23,2024-05-01,5,Maio,Mai,2024,24,23,Quinta-Feira,1
2024-05-24,2024-05-01,5,Maio,Mai,2024,24,24,Sexta-Feira,1
2024-05-25,2024-05-01,5,Maio,Mai,2024,24,25,Sábado,1
2024-05-26,2024-05-01,5,Maio,Mai,2024,24,26,Domingo,1
2024-05-27,2024-05-01,5,Maio,Mai,2024,24,27,Segunda-Feira,1
2024-05-28,2024-05-01,5,Maio,Mai,2024,24,28,Terça-Feira,1
2024-05-29,2024-05-01,5,Maio,Mai,2024,24,29,Quarta-Feira,1
2024-05-30,2024-05-01,5,Maio,Mai,2024,24,30,Quinta-Feira,1
2024-05-31,2024-05-01,5,Maio,Mai,2024,24,31,Sexta-Feira,1
2022-03-01,2022-03-01,3,Março,Mar,2022,22,1,Terça-Feira,1
2022-03-02,2022-03-01,3,Março,Mar,2022,22,2,Quarta-Feira,1
2022-03-03,2022-03-01,3,Março,Mar,2022,22,3,Quinta-Feira,1
2022-03-04,2022-03-01,3,Março,Mar,2022,22,4,Sexta-Feira,1
2022-03-05,2022-03-01,3,Março,Mar,2022,22,5,Sábado,1
2022-03-06,2022-03-01,3,Março,Mar,2022,22,6,Domingo,1
2022-03-07,2022-03-01,3,Março,Mar,2022,22,7,Segunda-Feira,1
2022-03-08,2022-03-01,3,Março,Mar,2022,22,8,Terça-Feira,1
2022-03-09,2022-03-01,3,Março,Mar,2022,22,9,Quarta-Feira,1
2022-03-10,2022-03-01,3,Março,Mar,2022,22,10,Quinta-Feira,1
2022-03-11,2022-03-01,3,Março,Mar,2022,22,11,Sexta-Feira,1
2022-03-12,2022-03-01,3,Março,Mar,2022,22,12,Sábado,1
2022-03-13,2022-03-01,3,Março,Mar,2022,22,13,Domingo,1
2022-03-14,2022-03-01,3,Março,Mar,2022,22,14,Segunda-Feira,1
2022-03-15,2022-03-01,3,Março,Mar,2022,22,15,Terça-Feira,1
2022-03-16,2022-03-01,3,Março,Mar,2022,22,16,Quarta-Feira,1
2022-03-17,2022-03-01,3,Março,Mar,2022,22,17,Quinta-Feira,1
2022-03-18,2022-03-01,3,Março,Mar,2022,22,18,Sexta-Feira,1
2022-03-19,2022-03-01,3,Março,Mar,2022,22,19,Sábado,1
2022-03-20,2022-03-01,3,Março,Mar,2022,22,20,Domingo,1
2022-03-21,2022-03-01,3,Março,Mar,2022,22,21,Segunda-Feira,1
2022-03-22,2022-03-01,3,Março,Mar,2022,22,22,Terça-Feira,1
2022-03-23,2022-03-01,3,Março,Mar,2022,22,23,Quarta-Feira,1
2022-03-24,2022-03-01,3,Março,Mar,2022,22,24,Quinta-Feira,1
2022-03-25,2022-03-01,3,Março,Mar,2022,22,25,Sexta-Feira,1
2022-03-26,2022-03-01,3,Março,Mar,2022,22,26,Sábado,1
2022-03-27,2022-03-01,3,Março,Mar,2022,22,27,Domingo,1
2022-03-28,2022-03-01,3,Março,Mar,2022,22,28,Segunda-Feira,1
2022-03-29,2022-03-01,3,Março,Mar,2022,22,29,Terça-Feira,1
2022-03-30,2022-03-01,3,Março,Mar,2022,22,30,Quarta-Feira,1
2022-03-31,2022-03-01,3,Março,Mar,2022,22,31,Quinta-Feira,1
2023-03-01,2023-03-01,3,Março,Mar,2023,23,1,Quarta-Feira,1
2023-03-02,2023-03-01,3,Março,Mar,2023,23,2,Quinta-Feira,1
2023-03-03,2023-03-01,3,Março,Mar,2023,23,3,Sexta-Feira,1
2023-03-04,2023-03-01,3,Março,Mar,2023,23,4,Sábado,1
2023-03-05,2023-03-01,3,Março,Mar,2023,23,5,Domingo,1
2023-03-06,2023-03-01,3,Março,Mar,2023,23,6,Segunda-Feira,1
2023-03-07,2023-03-01,3,Março,Mar,2023,23,7,Terça-Feira,1
2023-03-08,2023-03-01,3,Março,Mar,2023,23,8,Quarta-Feira,1
2023-03-09,2023-03-01,3,Março,Mar,2023,23,9,Quinta-Feira,1
2023-03-10,2023-03-01,3,Março,Mar,2023,23,10,Sexta-Feira,1
2023-03-11,2023-03-01,3,Março,Mar,2023,23,11,Sábado,1
2023-03-12,2023-03-01,3,Março,Mar,2023,23,12,Domingo,1
2023-03-13,2023-03-01,3,Março,Mar,2023,23,13,Segunda-Feira,1
2023-03-14,2023-03-01,3,Março,Mar,2023,23,14,Terça-Feira,1
2023-03-15,2023-03-01,3,Março,Mar,2023,23,15,Quarta-Feira,1
2023-03-16,2023-03-01,3,Março,Mar,2023,23,16,Quinta-Feira,1
2023-03-17,2023-03-01,3,Março,Mar,2023,23,17,Sexta-Feira,1
2023-03-18,2023-03-01,3,Março,Mar,2023,23,18,Sábado,1
2023-03-19,2023-03-01,3,Março,Mar,2023,23,19,Domingo,1
2023-03-20,2023-03-01,3,Março,Mar,2023,23,20,Segunda-Feira,1
2023-03-21,2023-03-01,3,Março,Mar,2023,23,21,Terça-Feira,1
2023-03-22,2023-03-01,3,Março,Mar,2023,23,22,Quarta-Feira,1
2023-03-23,2023-03-01,3,Março,Mar,2023,23,23,Quinta-Feira,1
2023-03-24,2023-03-01,3,Março,Mar,2023,23,24,Sexta-Feira,1
2023-03-25,2023-03-01,3,Março,Mar,2023,23,25,Sábado,1
2023-03-26,2023-03-01,3,Março,Mar,2023,23,26,Domingo,1
2023-03-27,2023-03-01,3,Março,Mar,2023,23,27,Segunda-Feira,1
2023-03-28,2023-03-01,3,Março,Mar,2023,23,28,Terça-Feira,1
2023-03-29,2023-03-01,3,Março,Mar,2023,23,29,Quarta-Feira,1
2023-03-30,2023-03-01,3,Março,Mar,2023,23,30,Quinta-Feira,1
2023-03-31,2023-03-01,3,Março,Mar,2023,23,31,Sexta-Feira,1
2024-03-01,2024-03-01,3,Março,Mar,2024,24,1,Sexta-Feira,1
2024-03-02,2024-03-01,3,Março,Mar,2024,24,2,Sábado,1
2024-03-03,2024-03-01,3,Março,Mar,2024,24,3,Domingo,1
2024-03-04,2024-03-01,3,Março,Mar,2024,24,4,Segunda-Feira,1
2024-03-05,2024-03-01,3,Março,Mar,2024,24,5,Terça-Feira,1
2024-03-06,2024-03-01,3,Março,Mar,2024,24,6,Quarta-Feira,1
2024-03-07,2024-03-01,3,Março,Mar,2024,24,7,Quinta-Feira,1
2024-03-08,2024-03-01,3,Março,Mar,2024,24,8,Sexta-Feira,1
2024-03-09,2024-03-01,3,Março,Mar,2024,24,9,Sábado,1
2024-03-10,2024-03-01,3,Março,Mar,2024,24,10,Domingo,1
2024-03-11,2024-03-01,3,Março,Mar,2024,24,11,Segunda-Feira,1
2024-03-12,2024-03-01,3,Março,Mar,2024,24,12,Terça-Feira,1
2024-03-13,2024-03-01,3,Março,Mar,2024,24,13,Quarta-Feira,1
2024-03-14,2024-03-01,3,Março,Mar,2024,24,14,Quinta-Feira,1
2024-03-15,2024-03-01,3,Março,Mar,2024,24,15,Sexta-Feira,1
2024-03-16,2024-03-01,3,Março,Mar,2024,24,16,Sábado,1
2024-03-17,2024-03-01,3,Março,Mar,2024,24,17,Domingo,1
2024-03-18,2024-03-01,3,Março,Mar,2024,24,18,Segunda-Feira,1
2024-03-19,2024-03-01,3,Março,Mar,2024,24,19,Terça-Feira,1
2024-03-20,2024-03-01,3,Março,Mar,2024,24,20,Quarta-Feira,1
2024-03-21,2024-03-01,3,Março,Mar,2024,24,21,Quinta-Feira,1
2024-03-22,2024-03-01,3,Março,Mar,2024,24,22,Sexta-Feira,1
2024-03-23,2024-03-01,3,Março,Mar,2024,24,23,Sábado,1
2024-03-24,2024-03-01,3,Março,Mar,2024,24,24,Domingo,1
2024-03-25,2024-03-01,3,Março,Mar,2024,24,25,Segunda-Feira,1
2024-03-26,2024-03-01,3,Março,Mar,2024,24,26,Terça-Feira,1
2024-03-27,2024-03-01,3,Março,Mar,2024,24,27,Quarta-Feira,1
2024-03-28,2024-03-01,3,Março,Mar,2024,24,28,Quinta-Feira,1
2024-03-29,2024-03-01,3,Março,Mar,2024,24,29,Sexta-Feira,1
2024-03-30,2024-03-01,3,Março,Mar,2024,24,30,Sábado,1
2024-03-31,2024-03-01,3,Março,Mar,2024,24,31,Domingo,1
2022-01-01,2022-01-01,1,Janeiro,Jan,2022,22,1,Sábado,1
2022-01-02,2022-01-01,1,Janeiro,Jan,2022,22,2,Domingo,1
2022-01-03,2022-01-01,1,Janeiro,Jan,2022,22,3,Segunda-Feira,1
2022-01-04,2022-01-01,1,Janeiro,Jan,2022,22,4,Terça-Feira,1
2022-01-05,2022-01-01,1,Janeiro,Jan,2022,22,5,Quarta-Feira,1
2022-01-06,2022-01-01,1,Janeiro,Jan,2022,22,6,Quinta-Feira,1
2022-01-07,2022-01-01,1,Janeiro,Jan,2022,22,7,Sexta-Feira,1
2022-01-08,2022-01-01,1,Janeiro,Jan,2022,22,8,Sábado,1
2022-01-09,2022-01-01,1,Janeiro,Jan,2022,22,9,Domingo,1
2022-01-10,2022-01-01,1,Janeiro,Jan,2022,22,10,Segunda-Feira,1
2022-01-11,2022-01-01,1,Janeiro,Jan,2022,22,11,Terça-Feira,1
2022-01-12,2022-01-01,1,Janeiro,Jan,2022,22,12,Quarta-Feira,1
2022-01-13,2022-01-01,1,Janeiro,Jan,2022,22,13,Quinta-Feira,1
2022-01-14,2022-01-01,1,Janeiro,Jan,2022,22,14,Sexta-Feira,1
2022-01-15,2022-01-01,1,Janeiro,Jan,2022,22,15,Sábado,1
2022-01-16,2022-01-01,1,Janeiro,Jan,2022,22,16,Domingo,1
2022-01-17,2022-01-01,1,Janeiro,Jan,2022,22,17,Segunda-Feira,1
2022-01-18,2022-01-01,1,Janeiro,Jan,2022,22,18,Terça-Feira,1
2022-01-19,2022-01-01,1,Janeiro,Jan,2022,22,19,Quarta-Feira,1
2022-01-20,2022-01-01,1,Janeiro,Jan,2022,22,20,Quinta-Feira,1
2022-01-21,2022-01-01,1,Janeiro,Jan,2022,22,21,Sexta-Feira,1
2022-01-22,2022-01-01,1,Janeiro,Jan,2022,22,22,Sábado,1
2022-01-23,2022-01-01,1,Janeiro,Jan,2022,22,23,Domingo,1
2022-01-24,2022-01-01,1,Janeiro,Jan,2022,22,24,Segunda-Feira,1
2022-01-25,2022-01-01,1,Janeiro,Jan,2022,22,25,Terça-Feira,1
2022-01-26,2022-01-01,1,Janeiro,Jan,2022,22,26,Quarta-Feira,1
2022-01-27,2022-01-01,1,Janeiro,Jan,2022,22,27,Quinta-Feira,1
2022-01-28,2022-01-01,1,Janeiro,Jan,2022,22,28,Sexta-Feira,1
2022-01-29,2022-01-01,1,Janeiro,Jan,2022,22,29,Sábado,1
2022-01-30,2022-01-01,1,Janeiro,Jan,2022,22,30,Domingo,1
2022-01-31,2022-01-01,1,Janeiro,Jan,2022,22,31,Segunda-Feira,1
2023-01-01,2023-01-01,1,Janeiro,Jan,2023,23,1,Domingo,1
2023-01-02,2023-01-01,1,Janeiro,Jan,2023,23,2,Segunda-Feira,1
2023-01-03,2023-01-01,1,Janeiro,Jan,2023,23,3,Terça-Feira,1
2023-01-04,2023-01-01,1,Janeiro,Jan,2023,23,4,Quarta-Feira,1
2023-01-05,2023-01-01,1,Janeiro,Jan,2023,23,5,Quinta-Feira,1
2023-01-06,2023-01-01,1,Janeiro,Jan,2023,23,6,Sexta-Feira,1
2023-01-07,2023-01-01,1,Janeiro,Jan,2023,23,7,Sábado,1
2023-01-08,2023-01-01,1,Janeiro,Jan,2023,23,8,Domingo,1
2023-01-09,2023-01-01,1,Janeiro,Jan,2023,23,9,Segunda-Feira,1
2023-01-10,2023-01-01,1,Janeiro,Jan,2023,23,10,Terça-Feira,1
2023-01-11,2023-01-01,1,Janeiro,Jan,2023,23,11,Quarta-Feira,1
2023-01-12,2023-01-01,1,Janeiro,Jan,2023,23,12,Quinta-Feira,1
2023-01-13,2023-01-01,1,Janeiro,Jan,2023,23,13,Sexta-Feira,1
2023-01-14,2023-01-01,1,Janeiro,Jan,2023,23,14,Sábado,1
2023-01-15,2023-01-01,1,Janeiro,Jan,2023,23,15,Domingo,1
2023-01-16,2023-01-01,1,Janeiro,Jan,2023,23,16,Segunda-Feira,1
2023-01-17,2023-01-01,1,Janeiro,Jan,2023,23,17,Terça-Feira,1
2023-01-18,2023-01-01,1,Janeiro,Jan,2023,23,18,Quarta-Feira,1
2023-01-19,2023-01-01,1,Janeiro,Jan,2023,23,19,Quinta-Feira,1
2023-01-20,2023-01-01,1,Janeiro,Jan,2023,23,20,Sexta-Feira,1
2023-01-21,2023-01-01,1,Janeiro,Jan,2023,23,21,Sábado,1
2023-01-22,2023-01-01,1,Janeiro,Jan,2023,23,22,Domingo,1
2023-01-23,2023-01-01,1,Janeiro,Jan,2023,23,23,Segunda-Feira,1
2023-01-24,2023-01-01,1,Janeiro,Jan,2023,23,24,Terça-Feira,1
2023-01-25,2023-01-01,1,Janeiro,Jan,2023,23,25,Quarta-Feira,1
2023-01-26,2023-01-01,1,Janeiro,Jan,2023,23,26,Quinta-Feira,1
2023-01-27,2023-01-01,1,Janeiro,Jan,2023,23,27,Sexta-Feira,1
2023-01-28,2023-01-01,1,Janeiro,Jan,2023,23,28,Sábado,1
2023-01-29,2023-01-01,1,Janeiro,Jan,2023,23,29,Domingo,1
2023-01-30,2023-01-01,1,Janeiro,Jan,2023,23,30,Segunda-Feira,1
2023-01-31,2023-01-01,1,Janeiro,Jan,2023,23,31,Terça-Feira,1
2024-01-01,2024-01-01,1,Janeiro,Jan,2024,24,1,Segunda-Feira,1
2024-01-02,2024-01-01,1,Janeiro,Jan,2024,24,2,Terça-Feira,1
2024-01-03,2024-01-01,1,Janeiro,Jan,2024,24,3,Quarta-Feira,1
2024-01-04,2024-01-01,1,Janeiro,Jan,2024,24,4,Quinta-Feira,1
2024-01-05,2024-01-01,1,Janeiro,Jan,2024,24,5,Sexta-Feira,1
2024-01-06,2024-01-01,1,Janeiro,Jan,2024,24,6,Sábado,1
2024-01-07,2024-01-01,1,Janeiro,Jan,2024,24,7,Domingo,1
2024-01-08,2024-01-01,1,Janeiro,Jan,2024,24,8,Segunda-Feira,1
2024-01-09,2024-01-01,1,Janeiro,Jan,2024,24,9,Terça-Feira,1
2024-01-10,2024-01-01,1,Janeiro,Jan,2024,24,10,Quarta-Feira,1
2024-01-11,2024-01-01,1,Janeiro,Jan,2024,24,11,Quinta-Feira,1
2024-01-12,2024-01-01,1,Janeiro,Jan,2024,24,12,Sexta-Feira,1
2024-01-13,2024-01-01,1,Janeiro,Jan,2024,24,13,Sábado,1
2024-01-14,2024-01-01,1,Janeiro,Jan,2024,24,14,Domingo,1
2024-01-15,2024-01-01,1,Janeiro,Jan,2024,24,15,Segunda-Feira,1
2024-01-16,2024-01-01,1,Janeiro,Jan,2024,24,16,Terça-Feira,1
2024-01-17,2024-01-01,1,Janeiro,Jan,2024,24,17,Quarta-Feira,1
2024-01-18,2024-01-01,1,Janeiro,Jan,2024,24,18,Quinta-Feira,1
2024-01-19,2024-01-01,1,Janeiro,Jan,2024,24,19,Sexta-Feira,1
2024-01-20,2024-01-01,1,Janeiro,Jan,2024,24,20,Sábado,1
2024-01-21,2024-01-01,1,Janeiro,Jan,2024,24,21,Domingo,1
2024-01-22,2024-01-01,1,Janeiro,Jan,2024,24,22,Segunda-Feira,1
2024-01-23,2024-01-01,1,Janeiro,Jan,2024,24,23,Terça-Feira,1
2024-01-24,2024-01-01,1,Janeiro,Jan,2024,24,24,Quarta-Feira,1
2024-01-25,2024-01-01,1,Janeiro,Jan,2024,24,25,Quinta-Feira,1
2024-01-26,2024-01-01,1,Janeiro,Jan,2024,24,26,Sexta-Feira,1
2024-01-27,2024-01-01,1,Janeiro,Jan,2024,24,27,Sábado,1
2024-01-28,2024-01-01,1,Janeiro,Jan,2024,24,28,Domingo,1
2024-01-29,2024-01-01,1,Janeiro,Jan,2024,24,29,Segunda-Feira,1
2024-01-30,2024-01-01,1,Janeiro,Jan,2024,24,30,Terça-Feira,1
2024-01-31,2024-01-01,1,Janeiro,Jan,2024,24,31,Quarta-Feira,1
